id,name,type,production,year,sex,birth,ethnicity,frequency
54,54,0,1,2,99,99,99,99
300,300,0,5,3,99,99,99,99
102Dalmatians,102 Dalmatians,0,5,3,99,99,99,99
10DaysToDie,10 Days to Die ,0,5,4,99,99,99,99
12AndHolding,12 and Holding,0,5,3,99,99,99,99
12YearsASlave,12 Years a Slave,0,5,4,99,99,99,99
13FrenchStreet,13 French Street ,0,5,3,99,99,99,99
1stToDie,1st to Die,0,5,3,99,99,99,99
2047SightsOfDeath,2047: Sights of Death,0,5,4,99,99,99,99
26Candles,26 Candles,0,5,4,99,99,99,99
300RiseOfAnEmpire,300: Rise of an Empire,0,5,4,99,99,99,99
30Beats,30 Beats,0,5,4,99,99,99,99
30DoorKey,30 Door Key,0,5,2,99,99,99,99
388ArlettaAvenue,388 Arletta Avenue,0,5,4,99,99,99,99
3DaysToKill,3 Days to Kill,0,5,4,99,99,99,99
40DaysAnd40Nights,40 Days and 40 Nights,0,1,3,99,99,99,99
444LastDayOnEarth,4:44 Last Day on Earth,0,5,4,99,99,99,99
4Got10,4Got10,0,5,4,99,99,99,99
500DaysOfSummer,(500) Days of Summer,0,5,3,99,99,99,99
5up2down,5up 2down,0,5,3,99,99,99,99
6BelowMiracleOnTheMountain,6 Below Miracle on the Mountain,0,5,4,99,99,99,99
8MillionWaysToDie,8 Million Ways to Die,0,5,1,99,99,99,99
Abandoned,Abandoned,0,5,4,99,99,99,99
AbductedFugitiveForLove,Abducted: Fugitive for Love,0,5,3,99,99,99,99
Aberdeen,Aberdeen,0,5,3,99,99,99,99
ABetterWayToDie,A Better Way to Die,0,5,3,99,99,99,99
AboveSuspicion,Above Suspicion,0,5,3,99,99,99,99
ABrilliantDisguise,A Brilliant Disguise,0,5,2,99,99,99,99
AbsolutelyAnything,Absolutely Anything,0,5,4,99,99,99,99
AccordingToSpencer,According to Spencer,0,5,3,99,99,99,99
AceVenturaPetDetective,Ace Ventura: Pet Detective,0,5,2,99,99,99,99
AChristmasToRemember,A Christmas to Remember,0,5,4,99,99,99,99
AClosedBook,A Closed Book,0,5,3,99,99,99,99
ACountryWedding,A Country Wedding,0,5,4,99,99,99,99
AcrossTheUniverse,Across the Universe,0,5,3,99,99,99,99
ActLikeALimeyThinkLikeAYank,"Act Like a Limey, Think Like a Yank",0,5,4,99,99,99,99
AdamGreensAladdin,Adam Greens Aladdin,0,5,4,99,99,99,99
AddamsFamilyReunion,Addams Family Reunion,0,5,2,99,99,99,99
ADemainSansFaute,À demain sans faute,0,5,4,99,99,99,99
ADogAndPonyShow,A Dog and Pony Show,0,5,4,99,99,99,99
AdrenalinFearTheRush,Adrenalin: Fear the Rush,0,5,2,99,99,99,99
Affairplay,Affair play,0,5,2,99,99,99,99
AfterHours,After Hours,0,5,1,99,99,99,99
Aftermath,Aftermath,0,5,3,99,99,99,99
AfterTheBall,After the Ball,0,5,4,99,99,99,99
AfterTheSunset,After the Sunset,0,5,3,99,99,99,99
AgainsTheWild,Against the Wild,0,5,4,99,99,99,99
AgentCrush,Agent Crush,0,5,3,99,99,99,99
AGhostinMonteCarlo,A Ghost in Monte Carlo,0,5,2,99,99,99,99
AGirlThreeGuysAndAGun,"A Girl, Three Guys, and a Gun",0,5,3,99,99,99,99
AGreenStory,A Green Story,0,5,4,99,99,99,99
AGuyThing,A Guy Thing,0,5,3,99,99,99,99
AimyInACage,Aimy in a Cage,0,5,4,99,99,99,99
AJewishChristmasStory,A Jewish Christmas Story,0,5,2,99,99,99,99
AJobToKillFor,A Job to Kill For ,0,5,3,99,99,99,99
AKillerWithin,A Killer Within,0,5,3,99,99,99,99
AKissBeforeDying,A Kiss Before Dying,0,3,2,99,99,99,99
AlbertSchweitzer,Albert Schweitzer,0,5,3,99,99,99,99
Alexander,Alexander,0,5,3,99,99,99,99
AliandNino,Ali and Nino,0,5,4,99,99,99,99
AliceThroughTheLookingGlass,Alice Through the Looking Glass,0,5,2,99,99,99,99
AlienCrystalPalace,Alien Crystal Palace,0,5,4,99,99,99,99
AllAboutE,All About E,0,5,4,99,99,99,99
Allegiant,Allegiant,0,5,4,99,99,99,99
AllIWantForChristmas,All I Want For Christmas,0,5,4,99,99,99,99
AllOverMe,All Over Me ,0,5,2,99,99,99,99
AllRelative,All Relative,0,5,4,99,99,99,99
AllTheGoodOnesAreMarried,All the Good Ones Are Married,0,5,3,99,99,99,99
AloneInTheDark2,Alone in the Dark II,0,5,3,99,99,99,99
ALongWayHome,A Long Way Home,0,5,1,99,99,99,99
Alpha,Alpha,0,5,4,99,99,99,99
AlreadyDead,Already Dead,0,5,3,99,99,99,99
AlteredStates,Altered States,0,5,1,99,99,99,99
Alto,Alto,0,5,4,99,99,99,99
AmazingGrace,Amazing Grace,0,5,3,99,99,99,99
AmazonWomenOntheMoon,Amazon Women on the Moon,0,3,1,99,99,99,99
Americana,Americana,0,5,4,99,99,99,99
AmericanCrime,American Crime,0,5,3,99,99,99,99
AmericanDad,American Dad,0,5,4,99,99,99,99
AmericanDaylight,American Daylight,0,5,3,99,99,99,99
AmericanEast,AmericanEast,0,5,3,99,99,99,99
Americano,Americano,0,5,4,99,99,99,99
AmericanPie,American Pie,0,3,2,99,99,99,99
AMidsummerNightsDream,A Midsummer Night's Dream,0,5,4,99,99,99,99
AMightyHeart,A Mighty Heart,0,4,3,99,99,99,99
AmongstFriends,Amongst Friends,0,5,2,99,99,99,99
AMonthByTheLake,A Month by the Lake,0,1,2,99,99,99,99
AMuppetsChristmasLettersToSanta,A Muppets Christmas: Letters to Santa,0,5,3,99,99,99,99
Anamorph,Anamorph,0,5,3,99,99,99,99
AnatomyOfDeception,Anatomy of Deception,0,5,4,99,99,99,99
Anazapta,Anazapta,0,5,3,99,99,99,99
AndersonAmber,Amber Anderson,1,99,99,1,5,2,1
Angel,Angel,0,5,3,99,99,99,99
AngelsCrest,Angels Crest,0,5,4,99,99,99,99
AnLAMinute,An L.A. Minute,0,5,4,99,99,99,99
AnnaKarenina1997,Anna Karenina (1997),0,5,2,99,99,99,99
AnnaKarenina2012,Anna Karenina (2012),0,3,4,99,99,99,99
AnnaLeeHeadcase,Anna Lee: Headcase,0,5,2,99,99,99,99
AnotherDayInParadise,Another Day In Paradise,0,5,4,99,99,99,99
AnotherEarth,Another Earth,0,5,4,99,99,99,99
AnotherMe,Another Me,0,5,4,99,99,99,99
AnthonyLysette,Lysette Anthony,1,99,99,1,2,2,1
AntiquesRoadshowParody,Antiques Roadshow: Parody,0,5,4,99,99,99,99
Antitrust,Antitrust,0,5,3,99,99,99,99
AnyGivenSunday,Any Given Sunday,0,5,2,99,99,99,99
Anytown,Anytown,0,5,3,99,99,99,99
APerfectMurder,A Perfect Murder,0,5,2,99,99,99,99
APerfectVacation,A Perfect Vacation,0,5,4,99,99,99,99
APriceAboveRubies,A Price Above Rubies,0,1,2,99,99,99,99
AprilFoolsDay,April Fool's Day,0,5,3,99,99,99,99
Arbitrage,Arbitrage,0,5,4,99,99,99,99
ArcadiaElectionDay,Arcadia: Election Day,0,5,1,99,99,99,99
ArchieToRiverdaleAndBackAgain,Archie: To Riverdale and Back Again,0,5,2,99,99,99,99
ArgentoAsia,Asia Argento,1,99,99,1,3,3,2
ArquetteRosanna,Rosanna Arquette,1,99,99,1,1,7,2
ArseneLupin,Arsene Lupin,0,5,3,99,99,99,99
Ascension,Ascension,0,5,4,99,99,99,99
AsGoodAsItGets,As Good as It Gets,0,5,2,99,99,99,99
AShineOfRainbows,A Shine of Rainbows,0,5,3,99,99,99,99
ASistersNightmare,A Sisters Nightmare,0,5,4,99,99,99,99
AskTheDust,Ask the Dust,0,4,3,99,99,99,99
ASmileLikeYours,A Smile Like Yours,0,4,2,99,99,99,99
ASongForJenny,A Song for Jenny,0,5,4,99,99,99,99
AsterixEtObelixMissionCleopatre,Astérix & Obélix: Mission Cléopâtre,0,5,3,99,99,99,99
Asteroid,Asteroid,0,5,2,99,99,99,99
Asthma,Asthma,0,5,4,99,99,99,99
ASwingersWeekend,A Swingers Weekend,0,5,4,99,99,99,99
AsYouLikeIt,As You Like It,0,5,3,99,99,99,99
AtFirstSight,At First Sight,0,5,2,99,99,99,99
ATimeForDancing,A Time for Dancing,0,5,3,99,99,99,99
ATimeToKill,A Time to Kill,0,5,2,99,99,99,99
Atonement,Atonement,0,3,3,99,99,99,99
AtPlayInTheFieldsOfTheLord,At Play in the Fields of the Lord,0,5,2,99,99,99,99
AttackOfThe50FootCheerleader,Attack of the 50 Foot Cheerleader,0,5,4,99,99,99,99
AttackOfThe50ftWoman,Attack of the 50ft. Woman,0,5,2,99,99,99,99
AuCoearDeLaLoi,Au Coear De La Loi,0,5,2,99,99,99,99
AuntRose,Aunt Rose,0,5,3,99,99,99,99
AustinPowersElectricPsychedelicPussycatSwingersClub,Austin Powers' Electric Psychedelic Pussycat Swingers Club,0,5,2,99,99,99,99
AustinPowersInGoldmember,Austin Powers in Goldmember,0,5,3,99,99,99,99
Avarice,Avarice,0,5,4,99,99,99,99
AvengersInfinityWar,Avengers: Infinity War,0,5,4,99,99,99,99
Awake,Awake,0,5,3,99,99,99,99
AWalkToRemember,A Walk to Remember,0,5,3,99,99,99,99
AwayAndBack,Away and Back,0,5,4,99,99,99,99
AwkwardExes,Awkward Exes,0,5,4,99,99,99,99
AXmasMemory,A Xmas Memory,0,5,4,99,99,99,99
BabarTheMovie,Babar: The Movie,0,5,1,99,99,99,99
BabyItsYou,Baby It's You,0,5,1,99,99,99,99
BabySecretOfTheLostLegend,Baby: Secret of the Lost Legend,0,5,1,99,99,99,99
BaciatoDallaFortuna,Baciato dalla fortuna,0,5,4,99,99,99,99
BackInTheDay,Back in the Day,0,5,4,99,99,99,99
BadgeOfHonor,Badge of Honor,0,5,4,99,99,99,99
BailoutTheAgeOfGreed,Bailout: The Age of Greed,0,5,4,99,99,99,99
BallDontLie,Ball Don't Lie,0,5,3,99,99,99,99
Bandidas,Bandidas,0,5,3,99,99,99,99
Bandido,Bandido,0,5,3,99,99,99,99
BandOfTheHand,Band of The Hand,0,5,1,99,99,99,99
Bank,Bank,0,5,3,99,99,99,99
Barcelona,Barcelona,0,5,2,99,99,99,99
Bare,Bare,0,5,4,99,99,99,99
BareWitness,Bare Witness,0,5,3,99,99,99,99
Barry,Barry,0,5,4,99,99,99,99
BarthJessica,Jessica Barth,1,99,99,1,3,7,1
Basic,Basic,0,5,3,99,99,99,99
Basil,Basil,0,5,2,99,99,99,99
Basquiat,Basquiat,0,1,2,99,99,99,99
BattleDrone,Battle Drone,0,5,4,99,99,99,99
BattleInSeattle,Battle in Seattle,0,5,3,99,99,99,99
BeastMaster,BeastMaster,0,5,2,99,99,99,99
BeatrixAtDinner,Beatrix at Dinner,0,5,4,99,99,99,99
BeaumarchaisLinsolent,Beaumarchais l'insolent,0,5,2,99,99,99,99
BeautifulGirls,Beautiful Girls,0,1,2,99,99,99,99
BeautifulOhio,Beautiful Ohio,0,5,3,99,99,99,99
BeautyAndTheBeast,Beauty and the Beast,0,5,4,99,99,99,99
BeckinsaleKate,Kate Beckinsale,1,99,99,1,3,2,3
BeCool,Be Cool,0,5,3,99,99,99,99
BeerForMyHorses,Beer for my Horses,0,5,3,99,99,99,99
BeforeISayGoodbye,Before I Say Goodbye,0,5,3,99,99,99,99
BeforeYouSayIDo,Before You Say I Do,0,5,3,99,99,99,99
BelaDonna,BelaDonna,0,5,2,99,99,99,99
BelAmi,Bel Ami,0,5,4,99,99,99,99
BelleEpine,Belle epine ,0,5,4,99,99,99,99
BeneathLochNess,Beneath Loch Ness,0,5,3,99,99,99,99
Beowulf,Beowulf,0,4,3,99,99,99,99
BeowulfAndGrendel,Beowulf & Grendel,0,5,3,99,99,99,99
BestOfBothWorlds,Best of Both Worlds,0,5,3,99,99,99,99
BetweenStrangers,Between Strangers,0,5,3,99,99,99,99
BeyondBorders,Beyond Borders,0,5,3,99,99,99,99
BigBadLove,Big Bad Love,0,5,3,99,99,99,99
Bigfoot,Bigfoot,0,5,3,99,99,99,99
BigStoneGap,Big Stone Gap,0,5,4,99,99,99,99
BigWolfOnCampus,Big Wolf on Campus,0,5,3,99,99,99,99
Bill,Bill,0,5,3,99,99,99,99
BillionaireBoysClub,Billionaire Boys Club,0,5,4,99,99,99,99
Bimboland,Bimboland,0,5,2,99,99,99,99
Birr ,Birr ,0,5,4,99,99,99,99
BitterSweet,Bitter Sweet,0,5,2,99,99,99,99
Blackball,Blackball,0,5,3,99,99,99,99
BlackCircleBoys,Black Circle Boys,0,5,2,99,99,99,99
BlackDahlia,Black Dahlia,0,3,3,99,99,99,99
BlackOasis,Black Oasis,0,5,3,99,99,99,99
Blackout,Blackout,0,5,3,99,99,99,99
BlackPanther,Black Panther,0,5,4,99,99,99,99
BlackRainbow,Black Rainbow,0,5,1,99,99,99,99
BladeRunner,Blade Runner,0,5,1,99,99,99,99
BladeRunner2046,Blade Runner 2046,0,5,4,99,99,99,99
Blindfold,Blindfold,0,5,4,99,99,99,99
BloodAndOrchids,Blood and Orchids,0,5,1,99,99,99,99
BloodDrive,Blood Drive,0,5,4,99,99,99,99
BloodRayne2Deliverance,BloodRayne II: Deliverance,0,5,3,99,99,99,99
BloodRayneTheThirdReich,BloodRayne: The Third Reich,0,5,4,99,99,99,99
Bloodsuckers,Bloodsuckers,0,5,3,99,99,99,99
BlueDove,Blue Dove,0,5,3,99,99,99,99
BlueIce,Blue Ice ,0,5,2,99,99,99,99
BlueInTheFace,Blue in the Face,0,1,2,99,99,99,99
BlueMonkey,BlueMonkey,0,5,1,99,99,99,99
BluntMovie,Blunt Movie ,0,5,4,99,99,99,99
BMonkey,B. Monkey,0,1,2,99,99,99,99
BoardingGate,Boarding Gate,0,5,3,99,99,99,99
BobbyJonesStrokeOfGenius,Bobby Jones: Stroke of Genius,0,5,3,99,99,99,99
BodyPolitic,Body Politic,0,5,3,99,99,99,99
BollywoodHollywood,Bollywood Hollywood,0,5,3,99,99,99,99
Bolt,Bolt,0,5,2,99,99,99,99
BoneDry,Bone Dry ,0,5,3,99,99,99,99
BoneTomahawk,Bone Tomahawk,0,5,4,99,99,99,99
BookOfWisdom,Book of Wisdom,0,5,3,99,99,99,99
Boop,Boop,0,5,4,99,99,99,99
BordelloOfBlood,Bordello of Blood,0,5,2,99,99,99,99
BornGuilty,Born Guilty,0,5,4,99,99,99,99
BornRomantic,Born Romantic,0,5,3,99,99,99,99
Boss,Boss,0,5,4,99,99,99,99
Bounce,Bounce,0,1,3,99,99,99,99
BoundByLies,Bound by Lies,0,5,3,99,99,99,99
BountyHunters,Bounty Hunters,0,5,3,99,99,99,99
BoysAndGirls,Boys and Girls,0,5,3,99,99,99,99
BrandNewOldLove,Brand New Old Love,0,5,4,99,99,99,99
BreakingUp,Breaking Up,0,5,2,99,99,99,99
BridgetJonessBaby,Bridget Jones's Baby,0,1,4,99,99,99,99
BridgetJonesTheEdgeOfReason,Bridget Jones: The Edge of Reason,0,3,3,99,99,99,99
BringingRain,Bringing Rain,0,5,3,99,99,99,99
BritishFriend,British Friend,0,5,4,99,99,99,99
BrokedownPalace,Brokedown Palace,0,5,2,99,99,99,99
Brooklyn,Brooklyn,0,5,4,99,99,99,99
Brothers,Brothers,0,5,3,99,99,99,99
BrothersAndSisters,Brothers & Sisters,0,5,4,99,99,99,99
BudAndDoyle,Bud & Doyle,0,5,2,99,99,99,99
Buffalo66,Buffalo '66,0,5,2,99,99,99,99
Bug,Bug,0,5,3,99,99,99,99
Bugs,Bugs,0,5,3,99,99,99,99
BurkeAndHare,Burke and Hare,0,5,4,99,99,99,99
Burnt,Burnt,0,5,4,99,99,99,99
BurrCynthia,Cynthia Burr,1,99,99,1,99,99,1
ByTheSea,By the Sea,0,3,4,99,99,99,99
CadencesObstinees,Cadences obstinées,0,5,4,99,99,99,99
CadillacGirls,Cadillac Girls,0,5,2,99,99,99,99
CadillacMan,Cadillac Man,0,5,2,99,99,99,99
Cahoots,Cahoots,0,5,3,99,99,99,99
CallMeMrsMiracle,Call Me Mrs. Miracle,0,5,4,99,99,99,99
CallMeTheRiseAndFallOfHeidiFleiss,Call Me: The Rise and Fall of Heidi Fleiss,0,5,3,99,99,99,99
Camera,Camera,0,5,3,99,99,99,99
Camouflage,Camouflage,0,5,2,99,99,99,99
CantHaveYou,Can't Have You,0,5,4,99,99,99,99
Caracara,Caracara,0,5,2,99,99,99,99
CarlesPrincepDeViana,"Carles, príncep de Viana",0,5,3,99,99,99,99
CarolinaMoon,Carolina Moon,0,5,3,99,99,99,99
CasaDeLosBabys,Casa de los babys,0,5,3,99,99,99,99
CathysLastResort,Cathy's Last Resort,0,5,1,99,99,99,99
CaughtInTheAct,Caught in the Act,0,5,3,99,99,99,99
Cavalli,Cavalli,0,5,4,99,99,99,99
CenterStage,Center Stage,0,5,3,99,99,99,99
Century,Century,0,5,2,99,99,99,99
CenturyHotel,Century Hotel,0,5,3,99,99,99,99
Ceremony,Ceremony,0,5,4,99,99,99,99
ChainOfFools,Chain of Fools,0,5,3,99,99,99,99
ChaletGirl,Chalet Girl,0,5,4,99,99,99,99
Champions,Champions,0,5,2,99,99,99,99
Changeling,Changeling,0,5,3,99,99,99,99
ChangingHearts,Changing Hearts,0,5,3,99,99,99,99
Chaos,Chaos,0,5,3,99,99,99,99
CharlieMantle,Charlie Mantle,0,5,4,99,99,99,99
Chasing3000,Chasing 3000,0,5,4,99,99,99,99
ChasingLiberty,Chasing Liberty,0,5,3,99,99,99,99
ChelseaWalls,Chelsea Walls,0,5,3,99,99,99,99
CherryStreet,Cherry Street,0,5,2,99,99,99,99
ChezNousCestTrois,Chez nous c'est trois!,0,5,4,99,99,99,99
ChicksWithSticks,Chicks with Sticks,0,5,3,99,99,99,99
ChildrenFirst,Children First,0,5,2,99,99,99,99
ChloeAndTheo,Chloe and Theo,0,5,4,99,99,99,99
Choke,Choke,0,5,3,99,99,99,99
Chosen,Chosen,0,5,4,99,99,99,99
ChristmasCatch,Christmas Catch,0,5,4,99,99,99,99
ChristmasCrime,Christmas Crime,0,5,4,99,99,99,99
ChristmasSong,Christmas Song,0,5,4,99,99,99,99
ChurchillsSecret,Churchills Secret,0,5,4,99,99,99,99
CiderWithRosie,Cider with Rosie,0,5,4,99,99,99,99
CirqueDuFreak,Cirque du Freak,0,3,3,99,99,99,99
CityIsland,City Island,0,5,3,99,99,99,99
ClassOf1999,Class of 1999,0,5,2,99,99,99,99
ClassOf992TheSubstitute,Class of 99 2: The Substitute,0,5,2,99,99,99,99
Click,Click,0,5,3,99,99,99,99
Cloud9,Cloud 9,0,5,3,99,99,99,99
Code46,Code46,0,5,3,99,99,99,99
ColdComfortFarm,Cold Comfort Farm,0,5,2,99,99,99,99
ColdSpring,Cold Spring,0,5,4,99,99,99,99
CollettiBianchi,Colletti bianchi,0,5,1,99,99,99,99
ComeEarlyMorning,Come Early Morning,0,5,3,99,99,99,99
ComeLesAutres,Comme les autres,0,5,3,99,99,99,99
CompagnaDiViaggio,Compagna di viaggio,0,5,2,99,99,99,99
Complicity,Complicity,0,5,4,99,99,99,99
Conan,Conan,0,5,4,99,99,99,99
CondannatoANozze,Condannato a Nozze,0,5,2,99,99,99,99
ConfessionsOfASociopathicSocialClimber,Confessions of a Sociopathic Social Climber,0,5,3,99,99,99,99
Confetti,Confetti,0,5,3,99,99,99,99
ConfidenceGame,Confidence Game,0,5,4,99,99,99,99
Confidential,Confidential,0,5,1,99,99,99,99
Contageon,Contageon,0,5,4,99,99,99,99
ConteDePrintemps,Conte de printemps,0,5,2,99,99,99,99
Contraband,Contraband,0,3,4,99,99,99,99
ConvertingToBritish,Converting to British,0,5,4,99,99,99,99
ConvincingClooney,Convincing Clooney,0,5,4,99,99,99,99
CookOff,Cook Off ,0,5,3,99,99,99,99
CopLand,Cop Land,0,1,2,99,99,99,99
CopsEnemy,Cops Enemy ,0,5,4,99,99,99,99
Cord,Cord,0,5,3,99,99,99,99
CoughlanMarisa,Marisa Coughlan,1,99,99,1,3,7,2
CountryStrong,Country Strong,0,5,4,99,99,99,99
Cousins,Cousins,0,4,1,99,99,99,99
CowboysAndAngels,Cowboys and Angels,0,5,3,99,99,99,99
CowboyUp,CowboyUp,0,5,3,99,99,99,99
Cracks,Cracks,0,5,3,99,99,99,99
CrankHighVoltage,Crank: High Voltage,0,5,3,99,99,99,99
Crash,Crash,0,5,2,99,99,99,99
CrazyPeople,Crazy People,0,4,2,99,99,99,99
CrimesAndMisdemeanors,Crimes and Misdemeanors,0,5,1,99,99,99,99
Criminology101,Criminology 101,0,5,3,99,99,99,99
CrisisPoint,Crisis Point,0,5,4,99,99,99,99
CrossingOver,Crossing Over,0,2,3,99,99,99,99
CrystalInferno,Crystal Inferno,0,5,4,99,99,99,99
CurbYourEnthusiasm,Curb Your Enthusiasm,0,5,3,99,99,99,99
Cyborg2GlassShadow,Cyborg2 Glass Shadow,0,5,2,99,99,99,99
DancingAtTheBlueIguana,Dancing at the Blue Iguana,0,5,3,99,99,99,99
DangerousHeart,Dangerous Heart,0,5,2,99,99,99,99
DangerousLiaisons,Dangerous Liaisons,0,5,1,99,99,99,99
DangerousParking,Dangerous Parking,0,5,3,99,99,99,99
DannyFricke,Danny Fricke,0,5,3,99,99,99,99
DapresUneHistoireVraie,D'après une histoire vraie,0,5,4,99,99,99,99
DarelFlorence,Florence Darel,1,99,99,1,2,3,1
DarkHoneymoon,Dark Honeymoon,0,5,3,99,99,99,99
DarkShadows,Dark Shadows,0,5,4,99,99,99,99
DarkSummer,Dark Summer,0,5,3,99,99,99,99
DarkTides,Dark Tides,0,5,2,99,99,99,99
Darling,Darling,0,5,4,99,99,99,99
DawnOfTheDead,Dawn of the Dead,0,5,3,99,99,99,99
DeadAwake,Dead Awake,0,5,4,99,99,99,99
DeadCool,Dead Cool,0,5,3,99,99,99,99
DeadAndDeader,Dead & Deader,0,5,3,99,99,99,99
DeadlyLessons,Deadly Lessons,0,5,4,99,99,99,99
DeadlyRelations,Deadly Relations,0,5,2,99,99,99,99
DeadShack,Dead Shack,0,5,4,99,99,99,99
DeathInTheDesert,Death in the Desert,0,5,4,99,99,99,99
DeathProof,Death Proof,0,5,3,99,99,99,99
DeathWish2,Death Wish 2,0,5,1,99,99,99,99
DeCaunesEmma,Emma de Caunes,1,99,99,1,3,3,1
Deceiver,Deceiver,0,5,2,99,99,99,99
Deception,Deception,0,5,3,99,99,99,99
DeepInTheValley,Deep in the Valley,0,5,3,99,99,99,99
DeGenerazione,De Generazione,0,5,2,99,99,99,99
DeLaGuerre,De la guerre ,0,5,3,99,99,99,99
DeLaHuertaPaz,Paz de la Huerta,1,99,99,1,4,7,2
DelevigneCara,Cara Delevigne,1,99,99,1,5,2,1
DeLovely,De-Lovely,0,5,3,99,99,99,99
Demoni2LincuboRitorna,Dèmoni 2... l'incubo ritorna,0,5,1,99,99,99,99
DemonLoverCom,Demonlover.com,0,5,3,99,99,99,99
Denial,Denial,0,5,2,99,99,99,99
DerGrueneHeinrich,Der grüne Heinrich,0,5,2,99,99,99,99
DermottsQuest,Dermott's Quest,0,5,3,99,99,99,99
DerRoteBaron,Der Rote Baron,0,5,3,99,99,99,99
DesIllusions,Des illusions,0,5,3,99,99,99,99
Desperado,Desperado,0,5,2,99,99,99,99
DesperatelySeekingSusan,Desperately Seeking Susan,0,5,1,99,99,99,99
DesPoupeesEtDesAnges,Des poupees et des anges,0,5,3,99,99,99,99
Destiny,Destiny,0,5,3,99,99,99,99
DevilInTheFlesh,Devil in the Flesh,0,5,2,99,99,99,99
DevilInTheFlesh2,Devil in the Flesh 2,0,5,3,99,99,99,99
DevilsAdvocate,Devils Advocate,0,5,2,99,99,99,99
DevilsHighway,Devil's Highway,0,5,3,99,99,99,99
DiagnosisMisogyny,Diagnosis: Misogyny,0,5,4,99,99,99,99
Diamant13,Diamant 13,0,5,3,99,99,99,99
DickWhittington,Dick Whittington,0,5,3,99,99,99,99
Dinocroc,Dinocroc,0,5,3,99,99,99,99
Dinosaur,Dinosaur,0,5,3,99,99,99,99
DiplomaticSiege,Diplomatic Siege,0,5,2,99,99,99,99
DirtyDancingHavanaNights,Dirty Dancing: Havana Nights,0,1,3,99,99,99,99
DisappearingBakersfield,Disappearing Bakersfield,0,5,4,99,99,99,99
DisturbingBehavior,Disturbing Behavior,0,5,2,99,99,99,99
Divergent,Divergent,0,5,4,99,99,99,99
DivineSecretsOfTheYaYaSisterhood,Divine Secrets of the Ya-Ya Sisterhood,0,5,3,99,99,99,99
DixSophie,Sophie Dix,1,99,99,1,2,2,1
DOADeadOrAlive,DOA: Dead or Alive,0,5,3,99,99,99,99
DoctorLollipop,Doctor Lollipop,0,5,4,99,99,99,99
DoctorTreatingAsides,Doctor Treating Asides,0,5,4,99,99,99,99
Doe,Doe,0,5,4,99,99,99,99
Dogma,Dogma,0,5,2,99,99,99,99
DogPark,Dog Park,0,5,2,99,99,99,99
DolphinTale,Dolphin Tale,0,5,4,99,99,99,99
DolphinTale2,Dolphin Tale 2,0,5,4,99,99,99,99
Domenica,Domenica,0,5,3,99,99,99,99
DoNoHarm,Do No Harm,0,5,4,99,99,99,99
DoNotDisturb,Do Not Disturb,0,5,4,99,99,99,99
DonPeyote,Don Peyote,0,5,4,99,99,99,99
DontComeKnocking,Don't Come Knocking,0,5,3,99,99,99,99
DopeState,Dope State,0,5,4,99,99,99,99
DornLacey,Lacey Dorn,1,99,99,1,99,7,1
DoubleJeopardy,Double Jeopardy,0,4,2,99,99,99,99
DownADarkHall,Down a Dark Hall,0,5,4,99,99,99,99
DownAndDerby,Down and Derby,0,5,3,99,99,99,99
DownInTheValley,Down in the Valley,0,5,3,99,99,99,99
DownPeriscope,Down Periscope,0,5,2,99,99,99,99
DownwardTwin,Downward Twin,0,5,4,99,99,99,99
DoYouBelieve,Do You Believe,0,5,4,99,99,99,99
Dracula3D,Dracula 3D,0,5,4,99,99,99,99
DraculaDeadAndLovingIt,Dracula: Dead and Loving It,0,5,2,99,99,99,99
DraftDay,Draft Day,0,5,4,99,99,99,99
DragonsRage,Dragon's Rage,0,5,4,99,99,99,99
DragonTheBruceLeeStory,Dragon: The Bruce Lee Story,0,3,2,99,99,99,99
DrBenny,Dr. Benny,0,5,3,99,99,99,99
DREAMTeam,DREAM Team,0,5,2,99,99,99,99
Dredd,Dredd,0,5,4,99,99,99,99
DrJekyllAndMsHyde,Dr Jekyll and Ms Hyde,0,5,2,99,99,99,99
Drunk,Drunk,0,5,4,99,99,99,99
DryCycle,Dry Cycle,0,5,3,99,99,99,99
Duets,Duets,0,5,3,99,99,99,99
DulanyCaitlin,Caitlin Dulany,1,99,99,1,2,7,1
DumbAndDumber,Dumb and Dumber,0,5,2,99,99,99,99
Dune,Dune,0,5,1,99,99,99,99
DunningDawn,Dawn Dunning,1,99,99,1,99,99,1
DylanThomas ,Dylan Thomas,0,5,2,99,99,99,99
EastRiver,East River,0,5,3,99,99,99,99
ElCallejonDeLosMialgros,El Callejon de los Mialgros,0,5,2,99,99,99,99
ElCoronelNoTieneQuienLeEscriba,El coronel no tiene quien le escriba,0,5,2,99,99,99,99
Eldorado,Eldorado,0,5,4,99,99,99,99
Elektra,Elektra,0,5,3,99,99,99,99
ElisaTopModel,Elisa Top Model,0,5,2,99,99,99,99
ElizaGraves,Eliza Graves,0,5,4,99,99,99,99
Elvis ,Elvis,0,5,3,99,99,99,99
Embedded,Embedded,0,5,4,99,99,99,99
Emma,Emma,0,1,2,99,99,99,99
EncinoMan,Encino Man,0,5,2,99,99,99,99
EnterTheVoid,Enter the Void,0,5,3,99,99,99,99
Entropy,Entropy,0,5,2,99,99,99,99
EqualPay,Equal Pay?,0,5,4,99,99,99,99
ErreurDeJeunesse,Erreur de jeunesse,0,5,1,99,99,99,99
EscapeRoom,Escape Room,0,5,4,99,99,99,99
EscoLina,Lina Esco,1,99,99,1,4,7,1
Euphoria,Euphoria,0,5,4,99,99,99,99
EvansAlice,Alice Evans,1,99,99,1,3,2,1
EvansLucia,Lucia Evans,1,99,99,1,4,9,1
Evelyn,Evelyn,0,5,3,99,99,99,99
EvenCowgirlsGetTheBlues,Even Cowgirls Get the Blues,0,5,2,99,99,99,99
EverhartAngie,Angie Everhart,1,99,99,1,2,7,1
Everly ,Everly ,0,5,4,99,99,99,99
EverybodysFine,Everybody's Fine,0,1,3,99,99,99,99
EverythingToGain,Everything to Gain,0,5,2,99,99,99,99
EvilHasAFace,Evil Has a Face,0,5,2,99,99,99,99
ExceptionToTheRule,Exception to the Rule,0,5,2,99,99,99,99
ExecutiveTarget,Executive Target,0,5,2,99,99,99,99
eXistenZ,eXistenZ,0,5,2,99,99,99,99
ExitStrategy,Exit Strategy,0,5,4,99,99,99,99
ExodusFall,Exodus Fall,0,5,4,99,99,99,99
Exotica,Exotica,0,1,2,99,99,99,99
Exposed,Exposed,0,5,4,99,99,99,99
EyeOfTheBeholder,Eye of the Beholder,0,5,2,99,99,99,99
Facade,Facade,0,5,2,99,99,99,99
Face,Face,0,5,2,99,99,99,99
FaceTheMusic,Face the Music,0,5,2,99,99,99,99
Faintheart,Faintheart,0,5,3,99,99,99,99
FairCity,Fair City,0,5,4,99,99,99,99
FairGame,Fair Game,0,5,2,99,99,99,99
FaisMoiPlaisir,Fais moi plaisir!,0,5,3,99,99,99,99
FaitAccompli,Fait Accompli,0,5,2,99,99,99,99
FaitesCommeSiJeNetaisPasLa,Faites comme si je n'étais pas là,0,5,3,99,99,99,99
FallGuyTheJohnStewartStory,Fall Guy the John Stewart Story,0,5,3,99,99,99,99
FalselyAccused,Falsely Accused,0,5,4,99,99,99,99
FalseWitness,False Witness ,0,5,3,99,99,99,99
FarewellToHarry,Farewell to Harry,0,5,3,99,99,99,99
FarinetHerosEtHorsLaLoi,"Farinet, héros et hors-la-loi",0,5,2,99,99,99,99
Farming,Farming,0,5,4,99,99,99,99
Farscape,Farscape,0,5,2,99,99,99,99
Fascination,Fascination,0,5,3,99,99,99,99
FatalInstinct,Fatal Instinct,0,5,2,99,99,99,99
FatalVows,Fatal Vows,0,5,4,99,99,99,99
FatherRupertMayer,Father Rupert Mayer,0,5,4,99,99,99,99
FathersAndSons,Fathers & Sons,0,5,2,99,99,99,99
Fatwa,Fatwa,0,5,3,99,99,99,99
Fausto,Fausto,0,5,2,99,99,99,99
FauxCoupable,Faux coupable,0,5,4,99,99,99,99
FavoriteDeadlySins,Favorite Deadly Sins,0,5,2,99,99,99,99
Fearless,Fearless,0,5,2,99,99,99,99
February,February,0,5,4,99,99,99,99
Felicity,Felicity,0,5,3,99,99,99,99
FeministFairytales,Feminist Fairytales,0,5,4,99,99,99,99
FeriteAMortre,Ferite a mortre,0,5,4,99,99,99,99
FieldOfLostShoes,Field of Lost Shoes,0,5,4,99,99,99,99
FiercePeople,Fierce People,0,5,3,99,99,99,99
FiftyDeadMenWalking,Fifty Dead Men Walking,0,5,3,99,99,99,99
FinalAnalysis,Final Analysis,0,5,2,99,99,99,99
FindingMrsClaus,Finding Mrs Claus,0,5,4,99,99,99,99
FindMeGuilty,Find Me Guilty,0,5,3,99,99,99,99
FireBirds,Fire Birds,0,5,2,99,99,99,99
FireInCairo,Fire in Cairo,0,5,4,99,99,99,99
FirstTarget,First Target,0,5,3,99,99,99,99
FistOfTheNorthStar,Fist of the North Star,0,5,2,99,99,99,99
FlashbacksOfAFool,Flashbacks of a Fool,0,5,3,99,99,99,99
Fled,Fled,0,5,2,99,99,99,99
FleshAndBone,Flesh and Bone,0,5,2,99,99,99,99
FlightOfTheIntruder,Flight of the Intruder,0,4,2,99,99,99,99
FloatingAway,Floating Away,0,5,2,99,99,99,99
Flypaper,Flypaper,0,5,4,99,99,99,99
FollowMeHome,Follow Me Home,0,5,2,99,99,99,99
FoolsRushIn,Fools Rush In,0,5,2,99,99,99,99
Forever,Forever,0,5,2,99,99,99,99
ForlaniClaire,Claire Forlani,1,99,99,1,3,2,2
ForLoversOnly,For Lovers Only,0,5,4,99,99,99,99
ForTheLoveOfGeorge,For the Love of George,0,5,4,99,99,99,99
ForYourConsideration,For Your Consideration,0,5,3,99,99,99,99
FourCornersOfSuburbia,Four Corners of Suburbia,0,5,3,99,99,99,99
FourLastSongs,Four Last Songs,0,5,3,99,99,99,99
FourRooms,Four Rooms,0,1,2,99,99,99,99
FourTalesOfTwoCities,Four Tales of Two Cities,0,5,2,99,99,99,99
Foxfire,Foxfire,0,5,2,99,99,99,99
FranceBoutique,France Boutique,0,5,3,99,99,99,99
FrankAndLola,Frank & Lola,0,5,4,99,99,99,99
Franklyn,Franklyn,0,5,3,99,99,99,99
FreddyGotFingered,Freddy Got Fingered,0,5,3,99,99,99,99
FreeMoney,Free Money,0,5,2,99,99,99,99
FreeTheNipple,Free The Nipple,0,5,4,99,99,99,99
Freeway,Freeway,0,5,2,99,99,99,99
Frida,Frida,0,1,3,99,99,99,99
FridayThe13thTheSeries,Friday the 13th: The Series,0,5,1,99,99,99,99
FriendsAndRomans,Friends and Romans,0,5,4,99,99,99,99
FriesWithThat,Fries with That,0,5,3,99,99,99,99
FromDuskTillDawn,From Dusk Till Dawn,0,5,2,99,99,99,99
FugitiveAmongUs,Fugitive Among Us,0,5,2,99,99,99,99
Future38,Future38,0,5,4,99,99,99,99
Gaffigan,Gaffigan,0,5,4,99,99,99,99
GaraiRomola,Romola Garai,1,99,99,1,4,2,2
GarfieldHis9Lives,Garfield: His 9 Lives,0,5,1,99,99,99,99
Gattaca,Gattaca,0,5,2,99,99,99,99
GeissLouisette,Louisette Geiss,1,99,99,1,99,7,1
GekijobanFurandaasuNoInu,Gekijoban Furandaasu no inu,0,5,2,99,99,99,99
GeorgeWallace,George Wallace,0,5,2,99,99,99,99
GetOverIt,Get Over It,0,1,3,99,99,99,99
GetSmart,Get Smart,0,5,3,99,99,99,99
GhostShip,Ghost Ship,0,5,3,99,99,99,99
GhostsNeverSleep,Ghosts Never Sleep ,0,5,3,99,99,99,99
GhostsOfMars,Ghosts Of Mars,0,5,3,99,99,99,99
Gia,Gia,0,5,2,99,99,99,99
Gingerclown,Gingerclown,0,5,4,99,99,99,99
Ginostra,Ginostra,0,5,3,99,99,99,99
GirlInterrupted,Girl Interrupted,0,5,2,99,99,99,99
Gladiator,Gladiator,0,3,3,99,99,99,99
GliSfiorati,Gli sfiorati,0,5,4,99,99,99,99
Glorious39,Glorious 39,0,5,3,99,99,99,99
Go,Go,0,5,2,99,99,99,99
GodPitching,God Pitching,0,5,4,99,99,99,99
GodrecheJudith,Judith Godreche,1,99,99,1,3,2,1
GodsAndGenerals,Gods and Generals,0,5,3,99,99,99,99
GoffTrish,Trish Goff,1,99,99,1,3,7,99
GoGoTales,Go Go Tales,0,5,3,99,99,99,99
GoingAllTheWay,Going All the Way,0,5,2,99,99,99,99
GoingGreek,Going Greek ,0,5,3,99,99,99,99
GomesLarissa,Larissa Gomes,1,99,99,1,99,7,2
GoneFishin,Gone Fishin',0,5,2,99,99,99,99
GoneInSixtySeconds,Gone in Sixty Seconds,0,5,3,99,99,99,99
GoodAdvice,Good Advice,0,5,3,99,99,99,99
GoodKids,Good Kids,0,5,4,99,99,99,99
GoodWife,Good Wife,0,5,4,99,99,99,99
Gorp,Gorp,0,5,1,99,99,99,99
Gossip,Gossip,0,5,3,99,99,99,99
GossipSpy,Gossip Spy,0,5,4,99,99,99,99
GotPapers,Got Papers?,0,5,3,99,99,99,99
GrandCentral,Grand Central,0,5,4,99,99,99,99
GrandePetite,Grande Petite,0,5,2,99,99,99,99
GreatExpectations,Great Expectations,0,5,2,99,99,99,99
GreenEva,Eva Green,1,99,99,1,3,2,1
Grindhouse,Grindhouse,0,5,3,99,99,99,99
GrowingUp,Growing Up,0,5,3,99,99,99,2
GrownUps,Grown Ups,0,5,4,99,99,99,99
GrownUps2 ,Grown Ups 2,0,5,4,99,99,99,99
GrumpierOldMen,Grumpier Old Men,0,5,2,99,99,99,99
GrumpyOldMen,Grumpy Old Men,0,5,2,99,99,99,99
Guinevere,Guinevere,0,1,2,99,99,99,99
GunblastVodka,Gunblast Vodka,0,5,3,99,99,99,99
GypsyEyes,Gypsy Eyes,0,5,2,99,99,99,99
H,H,0,5,2,99,99,99,99
Hackers,Hackers,0,5,2,99,99,99,99
HadesNight,Hades Night ,0,5,3,99,99,99,99
HallamFoe,Hallam Foe,0,5,3,99,99,99,99
HalloweenResurrection,Halloween: Resurrection,0,5,3,99,99,99,99
HandsOfAStranger,Hands of a Stranger,0,5,1,99,99,99,99
HannahDaryl,Daryl Hannah,1,99,99,1,1,7,2
HappyFoundingFathersDay,Happy (Founding) Father's Day,0,5,4,99,99,99,99
HappyValentinesDay,Happy Valentine's Day,0,5,4,99,99,99,99
HardCash,Hard Cash,0,5,3,99,99,99,99
HardCountry,Hard Country,0,5,1,99,99,99,99
Hardflip,Hardflip,0,5,4,99,99,99,99
HardKnox,Hard Knox,0,5,3,99,99,99,99
HardLabour,Hard Labour,0,5,3,99,99,99,99
HarryPotterAndTheOrderOfThePhoenix,Harry Potter and the Order of the Phoenix,0,5,3,99,99,99,99
Haunted,Haunted,0,5,2,99,99,99,99
HauntedEchoes,Haunted Echoes,0,5,3,99,99,99,99
HavingYou,Having You,0,5,4,99,99,99,99
HayekSalma,Salma Hayek,1,99,99,1,2,7,2
HeadeyLena,Lena Headey,1,99,99,1,3,2,2
HeadFullOfHoney,Head Full of Honey,0,5,4,99,99,99,99
Headspace,Headspace,0,5,3,99,99,99,99
HealedByGrace2,Healed by Grace 2,0,5,4,99,99,99,99
HeartOfStone,Heart of Stone ,0,5,3,99,99,99,99
Heat,Heat,0,5,2,99,99,99,99
Helen,Helen,0,5,3,99,99,99,99
HellsKitchen,Hell's Kitchen,0,5,2,99,99,99,99
HemingwayAndGellhorn,Hemingway & Gellhorn,0,5,4,99,99,99,99
HenryAndJune,Henry and June ,0,3,2,99,99,99,99
HenstridgeNatasha,Natasha Henstridge,1,99,99,1,3,7,2
HereComesTheBoom,Here Comes the Boom,0,5,4,99,99,99,99
Heresy,Heresy,0,5,4,99,99,99,99
HerSmell,Her Smell,0,5,4,99,99,99,99
High,High,0,5,1,99,99,99,99
Highball,Highball,0,5,2,99,99,99,99
HighCrimes,High Crimes,0,5,3,99,99,99,99
Highlander,Highlander,0,5,2,99,99,99,99
HighSpirits,High Spirits,0,5,1,99,99,99,99
HiLife,Hi-Life,0,5,2,99,99,99,99
HoldMeThrillMeKissMe,Hold Me Thrill Me Kiss Me,0,5,2,99,99,99,99
Holiday,Holiday,0,5,4,99,99,99,99
HollyLauren,Lauren Holly,1,99,99,1,2,7,2
HollywoodDreams,Hollywood Dreams,0,5,3,99,99,99,99
HolyLands,Holy Lands,0,5,4,99,99,99,99
HomeForTheHolidays,Home for the Holidays ,0,5,3,99,99,99,99
HomeInvasion,Home Invasion,0,5,4,99,99,99,99
HomeSweetHome,Home Sweet Home,0,5,3,99,99,99,99
Homework,Homework,0,5,3,99,99,99,99
Hook,Hook,0,5,2,99,99,99,99
Hooligans,Hooligans,0,5,3,99,99,99,99
Hoovey,Hoovey,0,5,4,99,99,99,99
Horror,Horror,0,5,4,99,99,99,99
Hotel,Hotel!,0,5,3,99,99,99,99
HotelBabylon,Hotel Babylon,0,5,3,99,99,99,99
HowDoYouKnow,How Do You Know,0,5,4,99,99,99,99
HowToBeALatinLover,How to Be a Latin Lover,0,5,4,99,99,99,99
HowToPlanAnOrgyInASmallTown,How to Plan an Orgy in a Small Town,0,5,4,99,99,99,99
HowWeMet,How We Met,0,5,4,99,99,99,99
HuettDominique,Dominique Huett,1,99,99,1,4,7,1
HusbandsAndWives,Husbands and Wives,0,5,2,99,99,99,99
Hush,Hush,0,5,2,99,99,99,99
HynesJessica,Jessica Hynes,1,99,99,1,3,2,2
HystericalBlindness,Hysterical Blindness,0,5,3,99,99,99,99
IAmMichael,I Am Michael,0,5,4,99,99,99,99
ICaptureTheCastle,I Capture the Castle,0,5,3,99,99,99,99
IceGirls,Ice Girls,0,5,4,99,99,99,99
IKnowWhatYouDid,I Know What You Did,0,5,2,99,99,99,99
IlCieloESemprePiuBlu,Il cielo è sempre più blu,0,5,2,99,99,99,99
IlFantasmaDellOpera,Il fantasma dell'opera,0,5,2,99,99,99,99
IlLadroDiBambini,Il ladro di bambini,0,5,2,99,99,99,99
ILoveYourWork,I Love Your Work,0,5,3,99,99,99,99
IlRaccantoDeiRaccantiTaleOfTales,Il racconto dei racconti - Tale of Tales,0,5,4,99,99,99,99
ImagineMeAndYou,Imagine Me and You,0,5,3,99,99,99,99
ImLosingYou,I'm Losing You,0,5,2,99,99,99,99
Inconceivable,Inconceivable,0,5,4,99,99,99,99
InDarkness,In Darkness,0,5,4,99,99,99,99
Indecision4,Indecision 4,0,5,4,99,99,99,99
Indiscretion,Indiscretion,0,5,4,99,99,99,99
InEnemyHands,In Enemy Hands,0,5,3,99,99,99,99
Infamous,Infamous,0,5,3,99,99,99,99
InFidelity,In Fidelity,0,5,4,99,99,99,99
InglouriousBasterds,Inglourious Basterds,0,2,3,99,99,99,99
Inhale,Inhale,0,5,4,99,99,99,99
InsideImDancing,Inside I'm Dancing,0,5,3,99,99,99,99
InspectorBarnaby,Inspector Barnaby,0,5,4,99,99,99,99
Insurgent,Insurgent,0,5,4,99,99,99,99
InternalAffairs,Internal Affairs,0,4,2,99,99,99,99
InTheDeepWoods,In the Deep Woods,0,5,2,99,99,99,99
InTheNameOfTheKingADungeonSiegeTale,In the Name of the King: A Dungeon Siege Tale,0,5,3,99,99,99,99
InTheNameOfTheKingTwoWorlds,In the Name of the King: Two Worlds,0,5,4,99,99,99,99
InTheShadowOfTheCobra,In the Shadow of the Cobra,0,5,3,99,99,99,99
InTheTimeOfTheButterflies,In The Time of the Butterflies,0,5,3,99,99,99,99
InTheValleyOfElah,In the Valley of Elah ,0,5,3,99,99,99,99
IntoMyHeart,Into My Heart,0,5,2,99,99,99,99
InVino,In Vino ,0,5,4,99,99,99,99
IOrigins,I Origins,0,5,4,99,99,99,99
Iowa,Iowa,0,5,3,99,99,99,99
IronMan1,Iron Man,0,4,3,99,99,99,99
IronMan2,Iron Man 2,0,4,3,99,99,99,99
IrreversibleChoices,Irreversible Choices,0,5,4,99,99,99,99
ISeeYoucom,I-See-You.com,0,5,3,99,99,99,99
Isole,Isole,0,5,4,99,99,99,99
ItHadToBeYou,It Had to Be You,0,5,3,99,99,99,99
IThinkIDo,I Think I Do,0,5,4,99,99,99,99
ItsLikeAWonderfulLifeOrWhatever,"It's, like, a Wonderful Life or Whatever?",0,5,4,99,99,99,99
ItsTheGoodTimesPumpkin,It's the... Good Times Pumpkin!,0,5,4,99,99,99,99
Ivanhoe,Ivanhoe,0,5,1,99,99,99,99
JackieEthelJoanTheWomenOfCamelot,"Jackie, Ethel, Joan: The Women of Camelot",0,5,3,99,99,99,99
JackPartOne,Jack: Part One,0,5,4,99,99,99,99
Jackpot,Jackpot,0,5,3,99,99,99,99
Jade,Jade,0,4,2,99,99,99,99
JaimeraisPasCreverUnDimanche,J'aimerais pas crever un dimanche,0,5,2,99,99,99,99
JakesWomen,Jake's Women,0,5,2,99,99,99,99
JamesBond007CasinoRoyale,James Bond 007: Casino Royale,0,5,3,99,99,99,99
JaneAustenInManhattan,Jane Austen in Manhattan,0,5,1,99,99,99,99
JasonMrazCantSing,Jason Mraz Can't Sing,0,5,4,99,99,99,99
JasonMrazIsAFather,Jason Mraz Is a Father!,0,5,4,99,99,99,99
JasonMrazLiveAtTheBowl,Jason Mraz: Live at the Bowl,0,5,4,99,99,99,99
JasonMrazsGreatestHits,Jason Mraz's Greatest Hits,0,5,4,99,99,99,99
Jawbreaker,Jawbreaker,0,5,2,99,99,99,99
JeanneLaPucelle2LesPrisons,Jeanne la Pucelle 2 - Les prisons,0,5,2,99,99,99,99
JeffersonInParis,Jefferson in Paris,0,5,2,99,99,99,99
Jenifer,Jenifer,0,5,3,99,99,99,99
JenniferEight,Jennifer Eight,0,4,2,99,99,99,99
JeremyFinkAndTheMeaningOfLife,Jeremy Fink and the Meaning of Life,0,5,4,99,99,99,99
JerryAndTom,Jerry and Tom,0,5,2,99,99,99,99
JesseStoneSeaChange,Jesse Stone Sea Change,0,5,3,99,99,99,99
JoesSoMeanToJosephine,Joe's So Mean to Josephine,0,5,2,99,99,99,99
JohannsGiftToChristmas,Johann's Gift to Christmas,0,5,2,99,99,99,99
JohnAdams,John Adams,0,5,3,99,99,99,99
JohnnyBeGood,Johnny Be Good,0,5,1,99,99,99,99
JohnnyBelinda,Johnny Belinda,0,5,1,99,99,99,99
JohnnysGirl,Johnny's Girl,0,5,2,99,99,99,99
JolieAngelina,Jolie Angelina,1,99,99,1,3,7,1
JournalDuneFemmeDeChambre,Journal d'une femme de chambre,0,5,4,99,99,99,99
JuddAshley,Ashley Judd,1,99,99,1,2,7,2
JugFace,Jug Face,0,5,4,99,99,99,99
JungleFever,JungleFever,0,3,2,99,99,99,99
Junkhearts,Junkhearts,0,5,4,99,99,99,99
JustDesserts,Just Desserts,0,5,3,99,99,99,99
JusteLaFinDuMonde,Juste la fin du monde,0,5,4,99,99,99,99
JustGoWithIt,Just Go with It,0,5,4,99,99,99,99
JusticeLeague,Justice League,0,5,4,99,99,99,99
JustOneMoreDay,Just One More Day,0,5,4,99,99,99,99
JveuxPasQueTuTenAilles,J'veux pas que tu t'en ailles,0,5,3,99,99,99,99
K9PI,K-9: P.I.,0,3,3,99,99,99,99
KatPlusOne,Kat Plus One,0,5,3,99,99,99,99
KeepingUpWithTheSteins,Keeping Up with the Steins,0,1,3,99,99,99,99
KellyMinka,Minka Kelly,1,99,99,1,3,7,1
KendallKatherine,Katherine Kendall,1,99,99,1,2,7,1
KerrHeather,Heather Kerr,1,99,99,1,2,7,1
KevinOfTheNorth,Kevin of the North,0,5,3,99,99,99,99
Kidnapped,Kidnapped,0,5,4,99,99,99,99
KidsInLove,Kids in Love,0,5,4,99,99,99,99
KillBillVol1,Kill Bill: Vol. 1,0,1,3,99,99,99,99
KillBillVol2,Kill Bill: Vol. 2,0,1,3,99,99,99,99
KillingGround,Killing Ground,0,5,4,99,99,99,99
KillingYard,Killing Yard,0,4,3,99,99,99,99
KillYourFriends,Kill Your Friends,0,5,4,99,99,99,99
KingLear,King Lear,0,5,3,99,99,99,99
KingOfTexas,King of Texas,0,5,3,99,99,99,99
KingOfTheJungle,King of the Jungle,0,5,3,99,99,99,99
KingsglaiveFinalFantasyXV,Kingsglaive: Final Fantasy XV,0,5,4,99,99,99,99
Kingshighway,Kingshighway,0,5,4,99,99,99,99
KirshnerMia,Mia Kirshner,1,99,99,1,3,7,2
KissAndTell,Kiss & Tell,0,5,2,99,99,99,99
KissAtPineLake,Kiss at Pine Lake,0,5,4,99,99,99,99
KissDaddyGoodnight,Kiss Daddy Goodnight,0,5,1,99,99,99,99
KissTheGirls,Kiss the Girls,0,4,2,99,99,99,99
KlattNannette,Nannette Klatt,1,99,99,1,99,99,1
KlinikUnterPalmen,Klinik unter Palmen,0,5,4,99,99,99,99
Krull,Krull,0,5,1,99,99,99,99
Kuffs,Kuffs,0,5,2,99,99,99,99
KungFuKiller,Kung Fu Killer,0,5,3,99,99,99,99
KungFuPanda,Kung Fu Panda,0,5,3,99,99,99,99
KungFuPanda2,Kung Fu Panda 2,0,5,4,99,99,99,99
KungFuPanda3,Kung Fu Panda 3,0,5,4,99,99,99,99
Kursk,Kursk,0,5,4,99,99,99,99
LaBatailleDHernani,La bataille d'Hernani,0,5,3,99,99,99,99
LaBelleEtLaBete,La belle et la bête,0,5,4,99,99,99,99
LaBellePersonne,La belle personne,0,5,3,99,99,99,99
LaChiesa,La chiesa,0,5,1,99,99,99,99
LaChispaDeLaVida,La chispa de la vida,0,5,4,99,99,99,99
LaClasseDuBrevet,La classe du brevet,0,5,3,99,99,99,99
LaCostaHighMorningNews,La Costa High Morning News,0,5,4,99,99,99,99
LaDesenchantee,La Desenchantee,0,5,2,99,99,99,99
LaDune,La dune,0,5,4,99,99,99,99
LadyOfTheNight,Lady of the Night,0,5,4,99,99,99,99
LaFilleDe15Ans,La Fille de 15 ans,0,5,1,99,99,99,99
LageDesTenebres,L'âge des ténèbres,0,5,3,99,99,99,99
LaGranVida,La gran vida,0,5,3,99,99,99,99
LaHautUnRoiAuDessusDesNuages,"Là-haut, un roi au-dessus des nuages",0,5,3,99,99,99,99
LaidToRest,Laid to Rest,0,5,3,99,99,99,99
LakePlacid,Lake Placid,0,5,2,99,99,99,99
LaMaison,La maison,0,5,3,99,99,99,99
LaMeridienne,La Meridienne,0,5,1,99,99,99,99
LandOfTheDead,Land of the Dead,0,3,3,99,99,99,99
LanternHill,Lantern Hill,0,5,1,99,99,99,99
LaraCroftTombRaider,Lara Croft Tomb Raider,0,4,3,99,99,99,99
LaraCroftTombRaiderTheCradleOfLife,Lara Croft Tomb Raider: The Cradle of Life,0,4,3,99,99,99,99
LaReineMargot,La Reine Margot,0,1,2,99,99,99,99
LargoDesolato,Largo Desolato,0,5,2,99,99,99,99
LargoWinch,Largo Winch,0,5,3,99,99,99,99
LarryGayeRenegadeMaleFlightAttendant,Larry Gaye: Renegade Male Flight Attendant,0,5,4,99,99,99,99
LartDaimer,L'art d'aimer,0,5,4,99,99,99,99
LaScienceDesReves,La science des rêves,0,5,3,99,99,99,99
LaSindromeDiStendhal,La sindrome di Stendhal,0,5,2,99,99,99,99
LaSireneRouge,La sirène rouge,0,5,3,99,99,99,99
LastActionHero,Last Action Hero,0,5,2,99,99,99,99
LastDays,Last Days,0,5,3,99,99,99,99
LastDaysOnMars,Last Days on Mars,0,5,4,99,99,99,99
LastExitReno,Last Exit Reno,0,5,2,99,99,99,99
LastNight,Last Night,0,5,2,99,99,99,99
LateNightGirls,Late Night Girls,0,5,3,99,99,99,99
LaTerzaMadre,La terza madre,0,5,3,99,99,99,99
LaubergeEspagnole,L auberge espagnole,0,5,3,99,99,99,99
LaughKillerLaugh,Laugh Killer Laugh,0,5,4,99,99,99,99
LaurelCanyon,Laurel Canyon,0,5,3,99,99,99,99
LaVieDadele,La vie d'Adèle,0,5,4,99,99,99,99
LaVoieEstLibre,La voie est libre,0,5,2,99,99,99,99
Layover,Layover,0,5,4,99,99,99,99
LeahAndChelseaHaveASleepover,Leah and Chelsea have a Sleepover,0,5,4,99,99,99,99
LeAmicheDelCuore,Le amiche del cuore,0,5,2,99,99,99,99
Learners,Learners,0,5,3,99,99,99,99
LeavesOfTheTree,Leaves of the Tree,0,5,4,99,99,99,99
LeBoeufClandestin,Le boeuf clandestin,0,5,2,99,99,99,99
LeBruitDesGensAutour,Le bruit des gens autour,0,5,3,99,99,99,99
LeChampignonDesCarpathes,Le champignon des Carpathes,0,5,2,99,99,99,99
LechappeeBelle,L'échappée belle,0,5,2,99,99,99,99
LeClanDesLanzac,Le clan des Lanzac,0,5,4,99,99,99,99
LeConfessioni,Le confessioni,0,5,4,99,99,99,99
Legacy,Legacy,0,5,4,99,99,99,99
LegalEagles,Legal Eagles,0,3,1,99,99,99,99
LeGrandBleu,Le Grand Bleu,0,5,1,99,99,99,99
LeIntermittenzeDelCuore,Le intermittenze del cuore,0,5,3,99,99,99,99
LenfantDenHaut,L'enfant d'en haut,0,5,4,99,99,99,99
LenfantDuSecret,L'enfant du secret,0,5,2,99,99,99,99
Leningrad,Leningrad,0,5,3,99,99,99,99
LeParadisAbsolument,Le paradis absolument,0,5,2,99,99,99,99
LePereGoriot,Le père Goriot,0,5,3,99,99,99,99
LeRagazzeDiPiazzaDiSpagna,Le ragazze di Piazza di Spagna,0,5,2,99,99,99,99
LeRomanDeMaFemme,Le roman de ma femme,0,5,4,99,99,99,99
LeRougeEtLeNoir,Le Rouge et Le Noir,0,5,2,99,99,99,99
LesAdieuxALaReine,Les adieux à la reine,0,5,4,99,99,99,99
LesAmantsDuNil,Les amants du Nil,0,5,3,99,99,99,99
LeScaphandreEtLePapillon,Le scaphandre et le papillon,0,5,3,99,99,99,99
LesCentEtUneNuitsDeSimonCinema,Les cent et une nuits de Simon Cinema,0,5,2,99,99,99,99
LesChateauxDeSable,Les châteaux de sable,0,5,4,99,99,99,99
LesFemmesOntToujoursRaison,Les femmes ont toujours raison,0,5,3,99,99,99,99
LesFillesDuMaitreDeChai,Les filles du maître de chai,0,5,2,99,99,99,99
LesHeritiers,Les héritiers,0,5,2,99,99,99,99
LesHeuresSouterraines,Les heures souterraines,0,5,4,99,99,99,99
LesJeuxDeSociete,Les jeux de société,0,5,1,99,99,99,99
LesLiensDuCoeur,Les liens du coeur,0,5,2,99,99,99,99
LesMendiants,Les mendiants,0,5,1,99,99,99,99
LesMiserables,Les Miserables,0,5,2,99,99,99,99
LesMoissonsDeLocean,Les moissons de l'océan,0,5,2,99,99,99,99
LesMorsuresDeLaube,Les morsures de l'aube,0,5,3,99,99,99,99
LesSaisonsDuPlaisir,Les saisons du plaisir,0,5,1,99,99,99,99
LesVacancesDeClemence,Les Vacances de Clemence,0,5,3,99,99,99,99
LeSyndromeDeLecossais,Le Syndrome de l'Ecossais,0,5,4,99,99,99,99
LeteProchain,L' été Prochain,0,5,1,99,99,99,99
LethalWeapon2,Lethal Weapon 2,0,5,1,99,99,99,99
Letincelle,L'étincelle,0,5,1,99,99,99,99
LetTheGameBegin,Let the Game Begin,0,5,3,99,99,99,99
LewisAndClarkAndGeorge,Lewis & Clark & George,0,5,2,99,99,99,99
LiarsAll,Liars All,0,5,4,99,99,99,99
Liberty,Liberty,0,5,4,99,99,99,99
LifeOnTheLedge,Life On The Ledge,0,5,3,99,99,99,99
LifeOrSomethingLikeIt,Life or Something Like It,0,5,3,99,99,99,99
LightAndTheSufferer,Light and the Sufferer,0,5,3,99,99,99,99
LikeDandelionDust,Like Dandelion Dust,0,5,3,99,99,99,99
LisaPicardIsFamous,Lisa Picard Is Famous,0,5,3,99,99,99,99
LiseOuLaffabulatrice,Lise ou L'affabulatrice,0,5,2,99,99,99,99
LittleCity,Little City,0,5,2,99,99,99,99
LittleRoy,Little Roy,0,5,4,99,99,99,99
LiveWire,Live Wire,0,5,2,99,99,99,99
LivingTheDream,Living the Dream,0,5,3,99,99,99,99
LivingWithTheDead,Living with the Dead,0,5,3,99,99,99,99
LizzieAndSarah,Lizzie and Sarah,0,5,4,99,99,99,99
LOL,LOL,0,5,4,99,99,99,99
London,London,0,5,3,99,99,99,99
LondonFields,London Fields,0,5,4,99,99,99,99
LonelyHearts,Lonely Hearts,0,5,3,99,99,99,99
LookAway,Look Away,0,5,4,99,99,99,99
LookingForAnEcho,Looking for an Echo,0,5,3,99,99,99,99
LookingForJimmy,Looking for Jimmy,0,5,3,99,99,99,99
LookinToGetOut,Lookin to get out,0,5,1,99,99,99,99
LooksTwice,Looks Twice,0,5,3,99,99,99,99
LookWhosTalkingNow,Look Who's Talking Now,0,5,2,99,99,99,99
LostCatCorona,Lost Cat Corona,0,5,4,99,99,99,99
LotusEaters,Lotus Eaters,0,5,4,99,99,99,99
Lourdes,Lourdes,0,5,3,99,99,99,99
LoveAndFriendship,Love & Friendship,0,5,4,99,99,99,99
LoveAndHumanRemains,Love & Human Remains,0,5,2,99,99,99,99
LoveAndOtherDisasters,Love and Other Disasters,0,5,3,99,99,99,99
LoveComeDown,Love Come Down,0,5,3,99,99,99,99
LoveCrimes,Love Crimes,0,1,2,99,99,99,99
LovedUp,Loved Up,0,5,2,99,99,99,99
LoveInParis,Love in Paris,0,5,2,99,99,99,99
LoveIsAllThereIs,Love is all there is,0,5,2,99,99,99,99
LoveIsTheDrug,Love Is the Drug,0,5,3,99,99,99,99
Lovekvinnen,Løvekvinnen,0,5,4,99,99,99,99
LoveLivesOn,Love Lives On,0,5,1,99,99,99,99
Lovemakers,Lovemakers,0,5,4,99,99,99,99
LoveObject,Love Object,0,5,3,99,99,99,99
LoverGirl,Lover Girl ,0,5,2,99,99,99,99
LovesKitchen,Loves Kitchen,0,5,4,99,99,99,99
Lovesong,Lovesong,0,5,4,99,99,99,99
LowCost,Low Cost,0,5,4,99,99,99,99
LowDown,Low Down,0,5,4,99,99,99,99
LowFidelity,Low Fidelity,0,5,4,99,99,99,99
Luck,Luck,0,5,3,99,99,99,99
LuluOnTheBridge,Lulu on the Bridge,0,5,2,99,99,99,99
LuminousMation,Luminous Motion,0,5,2,99,99,99,99
MacGyverTrailToDoomsday,MacGyver: Trail to Doomsday,0,4,2,99,99,99,99
Machete,Machete,0,5,4,99,99,99,99
MadCity,Mad City,0,5,2,99,99,99,99
MadDogAndGlory,Mad Dog and Glory,0,3,2,99,99,99,99
MadDogTime,Mad Dog Time,0,5,2,99,99,99,99
MadeInCanada,Made in Canada,0,5,2,99,99,99,99
MaFemmeSappelleMaurice,Ma femme... s'appelle Maurice,0,5,3,99,99,99,99
Magicians,Magicians,0,3,3,99,99,99,99
MaigretsDeadMan,Maigret's Dead Man,0,5,4,99,99,99,99
MakePovertyHistory,Make Poverty History,0,5,4,99,99,99,99
Maleficent,Maleficent,0,5,4,99,99,99,99
Malice,Malice,0,5,2,99,99,99,99
Mallrats,Mallrats,0,5,2,99,99,99,99
MaltheNatassia,Natassia Malthe,1,99,99,1,3,5,2
MaMere,Ma mère,0,5,3,99,99,99,99
ManiacCop3BadgeOfSilence,Maniac Cop 3: Badge of Silence,0,5,2,99,99,99,99
ManOfHerDreams,Man of Her Dreams,0,5,2,99,99,99,99
MarguliesJulianna,Julianna Margulies,1,99,99,1,2,7,2
MarieAntoinette,Marie Antoinette,0,5,3,99,99,99,99
MarieLouiseOuLaPermission,Marie-Louise ou la permission,0,5,2,99,99,99,99
MarilynMansonComaWhite,Marilyn Manson: Coma White,0,5,2,99,99,99,99
MarlingBrit,Brit Marling,1,99,99,1,4,7,1
MARRA,MARRA,0,5,4,99,99,99,99
MarshallTheMiracleDog,Marshall the Miracle Dog,0,5,4,99,99,99,99
Marvelous,Marvelous,0,5,3,99,99,99,99
Mascara,Mascara,0,5,2,99,99,99,99
Masque,Masque,0,5,4,99,99,99,99
MasseSarahAnn,Sarah Ann Masse,1,99,99,1,99,2,1
MatthauAshley,Ashley Matthau,1,99,99,1,99,7,2
MauvaisePasse,Mauvaise passe,0,5,2,99,99,99,99
MaximumRisk,Maximum Risk,0,5,2,99,99,99,99
MaximUncoveredVol2,Maxim Uncovered! Vol. 2,0,5,3,99,99,99,99
MayaDardel,Maya Dardel,0,5,4,99,99,99,99
Mayo,Mayo,0,5,3,99,99,99,99
McGowanRose,Rose McGowan,1,99,99,1,3,3,3
MeanQueen,Mean Queen,0,5,4,99,99,99,99
MeetJoeBlack,Meet Joe Black,0,3,2,99,99,99,99
MemoirsOfAnInvisibleMan,Memoirs of an Invisible Man,0,5,2,99,99,99,99
MeMyselfAndIrene,"Me, Myself & Irene",0,5,3,99,99,99,99
Men,Men,0,5,2,99,99,99,99
MendozaNatalie,Natalie Mendoza,1,99,99,1,3,7,2
MesCopines,Mes Copines ,0,5,3,99,99,99,99
MidnightInParis,Midnight in Paris,0,5,4,99,99,99,99
MightyAphrodite,Mighty Aphrodite,0,1,2,99,99,99,99
Milady,Milady,0,5,3,99,99,99,99
MilleBornes,Mille bornes,0,5,2,99,99,99,99
MiltonsSecret,Milton's Secret,0,5,4,99,99,99,99
Mimic,Mimic,0,1,2,99,99,99,99
Mirage,Mirage,0,5,2,99,99,99,99
Misbegotten,Misbegotten,0,5,2,99,99,99,99
MissConception,Miss Conception,0,5,3,99,99,99,99
MissionImpossibleGhostProtocol,Mission Impossible Ghost Protocol,0,4,4,99,99,99,99
MissionToMars,Mission to Mars,0,5,3,99,99,99,99
MissPeregrinesHomeForPeculiarChildren,Miss Peregrines Home for Peculiar Children,0,5,4,99,99,99,99
MisteriosDeLisboa,Misterios de Lisboa,0,5,4,99,99,99,99
MiVidaLoca,Mi Vida Loca,0,5,2,99,99,99,99
MobHanded,Mob Handed,0,5,4,99,99,99,99
MobsterMortgage,Mobster Mortgage,0,5,4,99,99,99,99
MockingbirdDontSing,Mockingbird don´t Sing,0,5,3,99,99,99,99
ModelByDay,Model by Day,0,5,2,99,99,99,99
MojaveMoon,Mojave Moon,0,5,2,99,99,99,99
Molly,Molly,0,5,2,99,99,99,99
Mondialito,Mondialito,0,5,3,99,99,99,99
MondoTaurobolium,Mondo Taurobolium,0,5,4,99,99,99,99
Monkeybone,Monkeybone,0,5,3,99,99,99,99
MonsieurNaphtali,Monsieur Naphtali,0,5,2,99,99,99,99
MoonlightAndValentino,Moonlight and Valentino,0,5,2,99,99,99,99
Mortdecai,Mortdecai,0,5,4,99,99,99,99
MotelBlue,Motel Blue,0,5,2,99,99,99,99
Motherhood,Motherhood,0,5,3,99,99,99,99
MothersAndDaughters,Mothers and Daughters,0,5,4,99,99,99,99
MoulinRouge,Moulin Rouge!,0,5,3,99,99,99,99
Movie43,Movie 43,0,5,4,99,99,99,99
MrAndMrsSmith,Mr. & Mrs. Smith,0,5,3,99,99,99,99
MrBeansHoliday,Mr. Bean's Holiday,0,3,3,99,99,99,99
MrBlueSky,Mr. Blue Sky,0,5,3,99,99,99,99
MrJealousy,Mr Jealousy,0,5,2,99,99,99,99
MrNobody,Mr. Nobody,0,5,3,99,99,99,99
MrsDalloway,Mrs Dalloway,0,5,2,99,99,99,99
MrsParkerAndTheViciousCircle,Mrs. Parker and the Vicious Circle,0,1,2,99,99,99,99
MrWonderful,Mr. Wonderful,0,5,2,99,99,99,99
MrWoodcock,Mr. Woodcock,0,5,3,99,99,99,99
MuchAdoAboutNothing,Much Ado About Nothing,0,5,2,99,99,99,99
Muggers,Muggers,0,5,3,99,99,99,99
MuggerWithAHeart,Mugger with a Heart,0,5,4,99,99,99,99
MultipleSarcasms,Multiple Sarcasms,0,5,4,99,99,99,99
MuppetsMostWanted,Muppets Most Wanted,0,5,4,99,99,99,99
MurderInTheFirst,Murder in the First,0,5,2,99,99,99,99
MurderRoom,Murder Room,0,5,4,99,99,99,99
MyFavoriteMartian,My Favorite Martian,0,5,2,99,99,99,99
MyLifeWithoutMe,My Life Without Me,0,5,3,99,99,99,99
MyManIsALoser,My Man Is a Loser,0,5,4,99,99,99,99
MyPerfectRomance,My Perfect Romance,0,5,4,99,99,99,99
MysteryMen,Mystery Men,0,3,2,99,99,99,99
MySuicidalSweetheart,My Suicidal Sweetheart,0,5,3,99,99,99,99
MySummerPrince,My Summer Prince,0,5,4,99,99,99,99
MySuperExGirlfriend,My Super Ex Girlfriend,0,5,3,99,99,99,99
MyTripBackToTheDarkSide,My Trip back to the Dark Side,0,5,4,99,99,99,99
MyZincBed,My Zinc Bed,0,5,3,99,99,99,99
NailPolish,Nail Polish,0,5,3,99,99,99,99
NakedJosh,Naked Josh,0,5,3,99,99,99,99
NarcissisticNora,Narcissistic Nora,0,5,4,99,99,99,99
Nativity2DangerInTheManger,Nativity 2: Danger in the Manger!,0,5,4,99,99,99,99
NativityRocks,Nativity Rocks!,0,5,4,99,99,99,99
NaturalBornKillers,Natural Born Killers,0,5,2,99,99,99,99
NatureIsSpeaking,Nature Is Speaking,0,5,4,99,99,99,99
NealCassady,Neal Cassady,0,5,3,99,99,99,99
NeoNed,Neo Ned,0,5,3,99,99,99,99
NewBestFriend,New Best Friend,0,5,3,99,99,99,99
NewRoseHotel ,New Rose Hotel,0,5,2,99,99,99,99
NewSuit,New Suit,0,5,3,99,99,99,99
NewYorkStories,New York Stories,0,5,1,99,99,99,99
NewYorkUndercoverCop,New York Undercover Cop,0,5,2,99,99,99,99
Next,Next,0,4,3,99,99,99,99
NicholasKirkwoodResistance,Nicholas Kirkwood: Resistance,0,5,4,99,99,99,99
NicholasNickleby,Nicholas Nickleby,0,5,3,99,99,99,99
NielsenConnie,Connie Nielsen,1,99,99,1,2,2,2
NightClass,Night Class,0,5,3,99,99,99,99
NightHeat,Night Heat,0,5,1,99,99,99,99
NightTrainToMurder,Night Train to Murder,0,5,1,99,99,99,99
NipTuck,Nip/Tuck,0,5,3,99,99,99,99
NobleKadian,Kadian Noble,1,99,99,1,3,6,1
NobodysFool,Nobody's Fool,0,5,1,99,99,99,99
Noel,Noel,0,5,3,99,99,99,99
Noise,Noise,0,5,3,99,99,99,99
NoLeftovers,No Leftovers,0,5,4,99,99,99,99
NoLookingBack,No Looking Back,0,5,2,99,99,99,99
Nomis,Nomis,0,5,4,99,99,99,99
NonStop,Non-Stop,0,5,4,99,99,99,99
NoOneWouldTell,No One Would Tell,0,5,4,99,99,99,99
NormaJeanAndMarilyn,Norma Jean and Marilyn,0,5,2,99,99,99,99
NormalLife,Normal Life,0,5,2,99,99,99,99
NorthernLights,Northern Lights,0,5,3,99,99,99,99
Northfork,Northfork,0,4,3,99,99,99,99
NoSuchThing,No Such Thing,0,5,3,99,99,99,99
NotAnotherTeenMovie,Not Another Teen Movie,0,5,3,99,99,99,99
NotForgotten,Not Forgotten,0,5,3,99,99,99,99
NothingButTheTruth,Nothing But the Truth,0,5,3,99,99,99,99
NovelRomance,Novel Romance,0,5,3,99,99,99,99
NowAndForever,Now & Forever,0,5,3,99,99,99,99
NoWayOut,No Way Out,0,5,1,99,99,99,99
Nowhere,Nowhere,0,5,2,99,99,99,99
NowhereSafe,Nowhere Safe,0,5,4,99,99,99,99
NowhereToHide,Nowhere to Hide,0,4,2,99,99,99,99
NowhereToRun,Nowhere to Run,0,5,2,99,99,99,99
Nurse3D,Nurse 3-D,0,5,4,99,99,99,99
Nymphomaniac,Nymphomaniac,0,5,4,99,99,99,99
NymphomaniacVol1,Nymphomaniac: Vol. 1,0,5,4,99,99,99,99
NymphomaniacVol2,Nymphomaniac: Vol. 2,0,5,4,99,99,99,99
NyongoLupita,Lupita Nyong’o,1,99,99,1,4,6,1
OctavioIsDead,Octavio is Dead!,0,5,4,99,99,99,99
OffendingAngels,Offending Angels,0,5,3,99,99,99,99
OffTheWall,Off the Wall,0,5,1,99,99,99,99
OkavangoTheWildFrontier,Okavango: The Wild Frontier,0,5,2,99,99,99,99
Oldboy,Oldboy,0,5,4,99,99,99,99
Ole,Ole,0,5,3,99,99,99,99
OliverTwist,Oliver Twist,0,5,1,99,99,99,99
OlympusHasFallen,Olympus Has Fallen,0,5,4,99,99,99,99
OnceInTheLife,Once In The Life,0,5,3,99,99,99,99
OnceUponACrime,Once Upon a Crime,0,5,2,99,99,99,99
OnceUponATime,Once Upon a Time,0,5,4,99,99,99,99
OnceUponATimeInMexico,Once Upon a Time in Mexico,0,5,3,99,99,99,99
OneAgainstTheWind,One Against the Wind,0,5,2,99,99,99,99
OneCooksTheOtherDoesnt,"One Cooks, the Other Doesn't",0,5,1,99,99,99,99
OneDay,One Day,0,5,4,99,99,99,99
Onegin,Onegin,0,5,2,99,99,99,99
OneHourPhoto,One Hour Photo,0,5,3,99,99,99,99
OneMagicChristmas,One Magic Christmas,0,5,1,99,99,99,99
OriginalSin,Original Sin,0,5,3,99,99,99,99
OurFriendMartin,"Our Friend, Martin",0,5,2,99,99,99,99
OurSonTheMatchmaker,"Our Son, the Matchmaker",0,5,2,99,99,99,99
OutForJustice,Out for Justice,0,5,2,99,99,99,99
OutOfBalance,Out of Balance,0,5,3,99,99,99,99
OutOfControl,Out of Control,0,5,2,99,99,99,99
OutOfTheCold,Out of the Cold,0,5,2,99,99,99,99
OxfordProfessor,Oxford Professor,0,5,4,99,99,99,99
Paddington2,Paddington 2,0,5,4,99,99,99,99
PalmersPickUp,Palmer's Pick-Up,0,5,2,99,99,99,99
PalombellaRossa,Palombella Rossa,0,5,1,99,99,99,99
PaltrowGwyneth,Gwyneth Paltrow,1,99,99,1,3,7,3
Pan,Pan,0,5,4,99,99,99,99
Papa,Papa,0,5,3,99,99,99,99
PapaHemingwayInCuba,Papa Hemingway in Cuba,0,5,4,99,99,99,99
PaperDolls,Paper Dolls,0,5,1,99,99,99,99
PaperTowns,Paper Towns,0,5,4,99,99,99,99
ParadiseRoad,Paradise Road,0,5,2,99,99,99,99
ParallelLives,Parallel Lives,0,5,2,99,99,99,99
Parasomnia,Parasomnia,0,5,3,99,99,99,99
ParisSeveille,Paris s'éveille,0,5,2,99,99,99,99
ParlezMoiDamour,Parlez moi d amour,0,5,3,99,99,99,99
ParOutesRentreOnTaPasVuSortir,Par où t'es rentré? On t'a pas vu sortir,0,5,1,99,99,99,99
PartyMonster,Party Monster,0,5,3,99,99,99,99
PashmyDream,Pashmy Dreams,0,5,3,99,99,99,99
PaulyShoreIsDead,Pauly Shore Is Dead,0,5,3,99,99,99,99
Pavement,Pavement,0,5,3,99,99,99,99
Payback,Payback,0,5,3,99,99,99,99
PeaceLoveAndMisunderstanding,"Pace, Love & Misunderstanding",0,5,4,99,99,99,99
PearlHarbor,Pearl Harbor,0,5,3,99,99,99,99
PercyJacksonAndTheOlympiansTheLightningThief,Percy Jackson & the Olympians: The Lightning Thief,0,5,4,99,99,99,99
PerdiamociDiVista,Perdiamoci di vista,0,5,2,99,99,99,99
Perfect,Perfect,0,5,3,99,99,99,99
PerfectSense,Perfect Sense,0,5,4,99,99,99,99
PerfectSisters,Perfect Sisters,0,5,4,99,99,99,99
PermanentMidnight,Permanent Midnight,0,5,2,99,99,99,99
PeteSmallsIsDead,Pete Smalls Is Dead,0,5,4,99,99,99,99
PetitTailleur,Petit tailleur,0,5,4,99,99,99,99
PhantomOfTheMegaplex,Phantom of the Megaplex,0,5,3,99,99,99,99
Phantoms,Phantoms,0,1,2,99,99,99,99
Pigeonholed,Pigeonholed,0,5,2,99,99,99,99
PinchMe,Pinch Me,0,5,4,99,99,99,99
PinochetInSuburbia,Pinochet in Suburbia,0,5,3,99,99,99,99
PlanetTerror,Planet Terror,0,5,3,99,99,99,99
PlayingByHeart,Playing By Heart,0,1,2,99,99,99,99
PlayingForKeeps,Playing for Keeps,0,5,4,99,99,99,99
PlayingGod,Playing God,0,5,2,99,99,99,99
PleinSud,Plein sud,0,5,3,99,99,99,99
PointDoom,Point Doom,0,5,3,99,99,99,99
PointDume,Point Dume,0,5,2,99,99,99,99
Poison,Poison,0,5,3,99,99,99,99
PoliceAcademyMissionToMoscow,Police Academy: Mission to Moscow,0,5,2,99,99,99,99
PoliceState,Police State,0,5,4,99,99,99,99
PoliteSex,Polite Sex,0,5,4,99,99,99,99
PoliticalDisasters,Political Disasters,0,5,3,99,99,99,99
PolleySarah,Sarah Polley,1,99,99,1,3,7,2
PoorWhiteTrash,Poor White Trash,0,5,3,99,99,99,99
Possession,Possession,0,5,3,99,99,99,99
Posthumous,Posthumous,0,5,4,99,99,99,99
Potiche,Potiche,0,5,4,99,99,99,99
PourUneVieOuDeux,Pour une vie ou deux,0,5,2,99,99,99,99
PowerAndBeauty,Power and Beauty,0,5,3,99,99,99,99
PreciousCargo,Precious Cargo,0,5,4,99,99,99,99
Prettykill,Prettykill,0,5,1,99,99,99,99
PrideAndPrejudiceAndZombies,Pride and Prejudice and Zombies,0,5,4,99,99,99,99
Prime,Prime,0,5,3,99,99,99,99
PrinceOfJutland,Prince of Jutland,0,5,2,99,99,99,99
Princesses,Princesses,0,5,3,99,99,99,99
ProjectX,Project X,0,5,4,99,99,99,99
PromisedAMiracle,Promised a Miracle,0,5,1,99,99,99,99
Proof,Proof,0,1,3,99,99,99,99
PudseyTheDogTheMovie,Pudsey the Dog: The Movie,0,5,4,99,99,99,99
PulpFiction,Pulp Fiction ,0,1,2,99,99,99,99
Pumpkin,Pumpkin,0,5,3,99,99,99,99
Pure,Pure,0,5,3,99,99,99,99
PushingTin,Pushing Tin,0,5,2,99,99,99,99
PussInBoots,Puss in Boots,0,5,4,99,99,99,99
QueenOfKatwe,Queen of Katwe,0,5,4,99,99,99,99
Quicksand,Quicksand,0,5,3,99,99,99,99
Quitters,Quitters,0,5,4,99,99,99,99
QuizShow,Quiz Show ,0,5,2,99,99,99,99
R,R,0,5,3,99,99,99,99
RainbowsEnd,Rainbow's End,0,5,4,99,99,99,99
RaisingFlagg,Raising Flagg,0,5,3,99,99,99,99
Ramona,Ramona,0,5,1,99,99,99,99
RandomEncounters,Random Encounters,0,5,4,99,99,99,99
Ravers,Ravers,0,5,4,99,99,99,99
RawFootage,Raw Footage,0,5,3,99,99,99,99
ReadyToRumble,Ready to Rumble,0,5,3,99,99,99,99
RealDetective,Real Detective,0,5,4,99,99,99,99
RearWindow,Rear Window,0,5,2,99,99,99,99
Reckless,Reckless,0,5,1,99,99,99,99
RecklessJulietsTheMinisodes,Reckless Juliets: The Minisodes,0,5,4,99,99,99,99
RedRover,Red Rover,0,5,3,99,99,99,99
RedWineGoesWithEverything,Red Wine goes with Everything,0,5,4,99,99,99,99
ReluctantWitness,Reluctant Witness,0,5,4,99,99,99,99
Rent,Rent,0,5,3,99,99,99,99
RepoChick,Repo Chick,0,5,3,99,99,99,99
RescuersStoryOfCourageTwoFamilies,Rescuers: Story of Courage: Two Families,0,4,2,99,99,99,99
RescuingDesire,Rescuing Desire,0,5,2,99,99,99,99
ReservationRoad,Reservation Road,0,5,3,99,99,99,99
ResidentEvilApocalypse,Resident Evil: Apocalypse,0,5,3,99,99,99,99
RestonsGroupes,Restons groupés,0,5,2,99,99,99,99
ReturnToSender,Return to Sender,0,5,3,99,99,99,99
ReturnToZero,Return to Zero,0,5,4,99,99,99,99
Reunion,Reunion,0,5,3,99,99,99,99
ReversalOfFortune,Reversal of Fortune,0,5,2,99,99,99,99
Rewind,Rewind,0,5,2,99,99,99,99
Rick,Rick,0,5,3,99,99,99,99
Riders,Riders,0,5,3,99,99,99,99
Ridicule,Ridicule,0,5,2,99,99,99,99
RidingInCarsWithBoys,Riding in Cars with Boys,0,5,3,99,99,99,99
RienDansLesPoches,Rien dans les poches,0,5,3,99,99,99,99
RiotOnRedchurchStreet,Riot on Redchurch Street,0,5,4,99,99,99,99
RipleysGame,Ripleys Game,0,5,3,99,99,99,99
RipleyUnderGround,Ripley Under Ground,0,5,3,99,99,99,99
RipTide,Rip Tide,0,5,4,99,99,99,99
Roadracers,Roadracers,0,5,2,99,99,99,99
RoadToAvonlea,Road to Avonlea,0,5,2,99,99,99,99
RobinAndBatman,Robin and Batman,0,5,2,99,99,99,99
RobinHood,Robin Hood,0,3,4,99,99,99,99
RobinsonCrusoe,Robinson Crusoe,0,1,2,99,99,99,99
RockstarParents,Rockstar Parents,0,5,4,99,99,99,99
Roho,Roho,0,5,3,99,99,99,99
RomeoIsBleeding,Romeo Is Bleeding,0,5,2,99,99,99,99
RomyAndMichelesHighSchoolReunion,Romy and Micheles High School Reunion,0,5,2,99,99,99,99
Ropewalk,Ropewalk,0,5,3,99,99,99,99
RoseMcGowanRM486,Rose McGowan: RM486,0,5,4,99,99,99,99
RosenbaumErika,Erika Rosenbaum,1,99,99,1,3,7,1
RosesACredit,Roses a credit,0,5,4,99,99,99,99
RosewoodLane,Rosewood Lane,0,5,4,99,99,99,99
RoughAirDangerOnFlight534,Rough Air: Danger on Flight 534,0,5,3,99,99,99,99
Roxanne,Roxanne,0,5,1,99,99,99,99
RoyalStandard,Royal Standard,0,5,2,99,99,99,99
RubenGuthrie,Ruben Guthrie,0,5,4,99,99,99,99
RubyInParadise,Ruby in Paradise,0,5,2,99,99,99,99
RunningRed,Running Red,0,5,2,99,99,99,99
RunningWithScissors,Running with Scissors,0,5,3,99,99,99,99
RunToMe,Run to Me,0,5,4,99,99,99,99
Rushmore,Rushmore,0,5,2,99,99,99,99
RushOfFear,Rush of Fear,0,5,3,99,99,99,99
Ruth,Ruth,0,5,4,99,99,99,99
Sabrina,Sabrina,0,5,2,99,99,99,99
SagemillerMelissa,Melissa Sagemiller,1,99,99,1,3,7,2
SaintLaurent,Saint Laurent ,0,5,4,99,99,99,99
Salt,Salt,0,5,4,99,99,99,99
Salvation,Salvation,0,5,4,99,99,99,99
SamTheMan,Sam the Man,0,5,3,99,99,99,99
SandyWexler,Sandy Wexler,0,5,4,99,99,99,99
SansLaisserDeTraces,Sans laisser de traces,0,5,4,99,99,99,99
SansPlomb,Sans plomb,0,5,3,99,99,99,99
SantaJr,"Santa, Jr.",0,5,3,99,99,99,99
SantasFangirl,Santa's Fangirl,0,5,4,99,99,99,99
Saturn,Saturn,0,5,2,99,99,99,99
Savages,Savages,0,5,4,99,99,99,99
SaveAngelHope,Save Angel Hope,0,5,3,99,99,99,99
SaveMe,Save Me,0,5,2,99,99,99,99
Saw3D,Saw 3D,0,5,4,99,99,99,99
Saw6,Saw 6,0,5,3,99,99,99,99
Scarface,Scarface,0,3,1,99,99,99,99
ScarletDiva,Scarlet Diva,0,5,3,99,99,99,99
SchoolForSeduction,School for Seduction,0,5,3,99,99,99,99
SciorraAnnabella,Annabella Sciorra,1,99,99,1,1,7,2
Scoop,Scoop,0,5,3,99,99,99,99
Scream,Scream,0,5,2,99,99,99,99
ScreamOfTheBanshee,Scream of the Banshee,0,5,4,99,99,99,99
ScreenTwo,Screen Two,0,5,1,99,99,99,99
Scruples,Scruples,0,5,4,99,99,99,99
Se7en,Se7en,0,5,2,99,99,99,99
SearchAndDestroy,Search and Destroy,0,5,2,99,99,99,99
SearchingForSonny,Searching for Sonny,0,5,4,99,99,99,99
SecondBest,Second Best,0,5,2,99,99,99,99
SecondSkin,Second Skin,0,5,3,99,99,99,99
SecretCutting,Secret Cutting,0,5,3,99,99,99,99
Seed,Seed,0,5,2,99,99,99,99
SemanaSanta,Semana Santa,0,5,3,99,99,99,99
SendNoFlowers,Send No Flowers,0,5,4,99,99,99,99
SeptembersOfShiraz,Septembers of Shiraz,0,5,4,99,99,99,99
Serendipity,Serendipity,0,1,3,99,99,99,99
SeriouslyWeird,Seriously Weird,0,5,3,99,99,99,99
SevenMinutesInHeaven,Seven Minutes in Heaven,0,5,1,99,99,99,99
SexAndDeath101,Sex and Death 101,0,5,3,99,99,99,99
SeydouxLea,Lea Seydoux ,1,99,99,1,4,2,2
ShakespeareanRapStory,Shakespearean Rap Story,0,5,4,99,99,99,99
ShakespeareInLove,Shakespeare in Love,0,1,2,99,99,99,99
ShallowHal,Shallow Hal,0,5,3,99,99,99,99
ShannonsRainbow,Shannons Rainbow,0,5,3,99,99,99,99
SharkSwarm,Shark Swarm,0,5,3,99,99,99,99
SharkTale,Shark Tale,0,5,3,99,99,99,99
ShaunOfTheDead,Shaun of the Dead,0,5,3,99,99,99,99
Shongram,Shongram,0,5,4,99,99,99,99
ShootingFish,Shooting Fish,0,5,2,99,99,99,99
ShortOrder,Short Order,0,5,3,99,99,99,99
ShouldveBeenRomeo,Shouldve Been Romeo,0,5,4,99,99,99,99
Shout,Shout,0,3,2,99,99,99,99
Shuga,Shuga,0,5,4,99,99,99,99
Siblings,Siblings,0,5,3,99,99,99,99
SicilianVampire,Sicilian Vampire,0,5,4,99,99,99,99
SiebelJennifer,Jennifer Siebel,1,99,99,1,3,7,1
Silverado,Silverado,0,5,1,99,99,99,99
SilverCity,Silver City,0,5,3,99,99,99,99
SimonBirch,Simon Birch,0,5,2,99,99,99,99
SinCity2ADameToKillFor,Sin City 2: A Dame to Kill for,0,5,4,99,99,99,99
SketchArtist,Sketch Artist,0,5,2,99,99,99,99
SkidmoreChelsea,Chelsea Skidmore,1,99,99,1,99,99,1
SkinTraffik,Skin Traffik,0,5,4,99,99,99,99
Skinwalkers,Skinwalkers,0,5,3,99,99,99,99
SkyCaptainAndTheWorldOfTomorrow,Sky Captain and the World of Tomorrow,0,4,3,99,99,99,99
Slave,Slave,0,5,3,99,99,99,99
SlavInLA,#SlavInLA,0,5,4,99,99,99,99
SleepingBeauties,Sleeping Beauties,0,5,2,99,99,99,99
SlidingDoors,Sliding Doors,0,1,2,99,99,99,99
SlingsAndArrows,Slings and Arrows,0,5,3,99,99,99,99
Slingshot,Slingshot,0,5,3,99,99,99,99
SlutWomenVMen,Slut! Women v Men,0,5,4,99,99,99,99
Smitty,Smitty,0,5,4,99,99,99,99
Smoke,Smoke,0,1,2,99,99,99,99
SnakesOnAPlane,Snakes on a Plane,0,5,3,99,99,99,99
SnowAngels,Snow Angels,0,5,3,99,99,99,99
SOB,S.O.B.,0,5,1,99,99,99,99
SocialNightmare,Social Nightmare,0,5,4,99,99,99,99
SoloPerDirtiAddio,Solo per dirti addio,0,5,2,99,99,99,99
SomeKindOfBeautiful,Some Kind of Beautiful,0,5,4,99,99,99,99
SomeoneLikeYou,Someone Like You...,0,5,3,99,99,99,99
SomethingsGottaGive,Somethings Gotta Give,0,5,3,99,99,99,99
SomewhereOnlyWeKnow,Somewhere Only We Know,0,5,4,99,99,99,99
Songbird,Songbird,0,5,4,99,99,99,99
SonOfRambow,Son of Rambow,0,5,3,99,99,99,99
Sons,Sons,0,5,1,99,99,99,99
SororityBoys,Sorority Boys,0,5,3,99,99,99,99
SorvinoMira,Mira Sorvino,1,99,99,1,2,7,3
SoulSurvivors,Soul Survivors ,0,5,3,99,99,99,99
SoundOfMyVoice,Sound of My Voice,0,5,4,99,99,99,99
Southie,Southie,0,5,2,99,99,99,99
SouthKensington,South Kensington,0,5,3,99,99,99,99
SouthlandTale,Southland Tale,0,3,3,99,99,99,99
SouthPacific,South Pacific,0,5,3,99,99,99,99
SpaceStation76,Space Station 76,0,5,4,99,99,99,99
SpaceWarriors,Space Warriors,0,5,4,99,99,99,99
SpecialDelivery,Special Delivery,0,5,2,99,99,99,99
Species,Species,0,5,2,99,99,99,99
Species2,Species 2,0,5,2,99,99,99,99
Species3,Species 3,0,5,3,99,99,99,99
Spectre,Spectre,0,5,4,99,99,99,99
SpeedwayJunky,Speedway Junky,0,5,2,99,99,99,99
SPF18,SPF-18,0,5,4,99,99,99,99
SpiderManHomecoming,Spider-Man: Homecoming,0,5,4,99,99,99,99
Splash,Splash,0,5,1,99,99,99,99
Splice,Splice,0,5,3,99,99,99,99
SpyKids3GameOver,Spy Kids 3 Game Over,0,5,3,99,99,99,99
StandingStill,Standing Still,0,5,3,99,99,99,99
Standoff,Standoff,0,5,2,99,99,99,99
StandUpGuys,Stand Up Guys,0,5,4,99,99,99,99
StarForceSoldier,Star Force Soldier,0,5,2,99,99,99,99
StarkRavingMad,Stark Raving Mad,0,5,3,99,99,99,99
StarToursTheAdventuresContinue,Star Tours: The Adventures Continue,0,5,4,99,99,99,99
StarWarsTheForceAwakens,Star Wars: Episode VII - The Force Awakens,0,5,4,99,99,99,99
StarWarsTheLastJedi,Star Wars: Episode VIII - The Last Jedi,0,5,4,99,99,99,99
StatesEvidence,State's Evidence,0,5,3,99,99,99,99
StealMe,Steal Me,0,5,3,99,99,99,99
SteelMagnolias,Steel Magnolias,0,5,1,99,99,99,99
Stoker,Stoker,0,5,4,99,99,99,99
StormSeekers,Storm Seekers,0,5,3,99,99,99,99
StraightUp,Straight Up,0,5,2,99,99,99,99
StrangeHearts,Strange Hearts,0,5,3,99,99,99,99
Strangers,Strangers,0,5,2,99,99,99,99
Stratton,Stratton,0,5,4,99,99,99,99
StreetsOfEastLA,Streets of East L.A.,0,5,4,99,99,99,99
Stripes,Stripes,0,5,1,99,99,99,99
StrippersVsWerewolves,Strippers vs Werewolves,0,5,4,99,99,99,99
StTrinians,St. Trinians,0,5,3,99,99,99,99
SubkoffTara,Tara Subkoff ,1,99,99,1,3,7,1
Suffragette,Suffragette,0,5,4,99,99,99,99
Sugar2013,Sugar (2013),0,5,4,99,99,99,99
Sugar2004,Sugar (2004),0,5,3,99,99,99,99
SugarAndSpice,Sugar and Spice ,0,5,3,99,99,99,99
SugarTown,Sugar Town,0,5,2,99,99,99,99
SuicideSquad,Suicide Squad,0,5,4,99,99,99,99
Summer,Summer,0,5,3,99,99,99,99
SummerInTheCity,Summer in the City,0,5,4,99,99,99,99
SummerLovers,Summer Lovers,0,5,1,99,99,99,99
SummerOfSam,Summer of Sam,0,5,2,99,99,99,99
SuperTroopers,Super Troopers,0,5,3,99,99,99,99
SuperTroopers2,Super Troopers 2,0,5,4,99,99,99,99
SurvivingEvil,Surviving Evil,0,5,3,99,99,99,99
SwallowsAndAmazons,Swallows and Amazons,0,5,4,99,99,99,99
SweetAndLowdown,Sweet and Lowdown ,0,5,2,99,99,99,99
SweetLiberty,Sweet Liberty,0,3,1,99,99,99,99
SweetNothing,Sweet Nothing,0,5,2,99,99,99,99
SweetRevenge,Sweet Revenge,0,5,2,99,99,99,99
Swingers,Swingers,0,5,2,99,99,99,99
SwingKids,Swing Kids,0,5,2,99,99,99,99
Switch,Switch,0,5,2,99,99,99,99
SwitchedAtBirth,Switched At Birth,0,5,2,99,99,99,99
Sylvia,Sylvia,0,5,3,99,99,99,99
TakeAnotherLook,Take Another Look,0,5,2,99,99,99,99
TakeMeHomeTonight,Take Me Home Tonight,0,5,4,99,99,99,99
TakingLives,Taking Lives,0,5,3,99,99,99,99
TaleOfTales,Tale of Tales,0,5,3,99,99,99,99
TaleOfTheMummy,Tale of the Mummy,0,5,2,99,99,99,99
TalesOfErotica,Tales of Erotica,0,5,2,99,99,99,99
Tango,Tango,0,5,2,99,99,99,99
TannerHall,Tanner Hall,0,5,3,99,99,99,99
Tape,Tape,0,5,3,99,99,99,99
Tarantella,Tarantella,0,5,2,99,99,99,99
TargetOfSuspicion,Target of Suspicion,0,5,2,99,99,99,99
TeachingMrsTingle,Teaching Mrs. Tingle,0,1,2,99,99,99,99
Ted,Ted,0,3,4,99,99,99,99
Ted2,Ted 2,0,3,4,99,99,99,99
TeenageCaveman,Teenage Caveman ,0,5,3,99,99,99,99
TeenageKicks,Teenage Kicks,0,5,4,99,99,99,99
TellMeYourName,Tell Me Your Name,0,5,4,99,99,99,99
TenseWedding,Tense Wedding,0,5,4,99,99,99,99
TerminatorSalvationTheMachinimaSeries,Terminator Salvation: The Machinima Series,0,5,3,99,99,99,99
ThanksForSharing,Thanks for Sharing,0,5,4,99,99,99,99
TheAbductionClub,The Abduction Club ,0,5,3,99,99,99,99
TheAccidentalHusband,The Accidental Husband,0,5,3,99,99,99,99
TheActors,The Actors,0,5,3,99,99,99,99
TheAddiction,The Addiction,0,5,2,99,99,99,99
TheAdventurerTheCurseOfTheMidasBox,The Adventurer: The Curse of the Midas Box,0,5,4,99,99,99,99
TheAdventuresOfBaronMunchausen,The Adventures of Baron Munchausen,0,5,1,99,99,99,99
TheAdventuresOfFordFairlane,The Adventures of Ford Fairlane,0,5,2,99,99,99,99
TheAmatiGirls,The Amati Girls,0,5,3,99,99,99,99
TheAnniversaryParty,The Anniversary Party,0,5,3,99,99,99,99
TheAvengers2012,The Avengers (2012),0,4,4,99,99,99,99
TheAvengers1998,The Avengers (1998),0,5,2,99,99,99,99
TheAviator1985,The Aviator (1985),0,5,1,99,99,99,99
TheAviator2004,The Aviator (2004),0,1,3,99,99,99,99
TheBabyOfMacon,The Baby of Mâcon,0,5,2,99,99,99,99
TheBarrens,The Barrens,0,5,4,99,99,99,99
TheBatterseaRipper,The Battersea Ripper,0,5,3,99,99,99,99
TheBetterAngels,The Better Angels,0,5,4,99,99,99,99
TheBigDay,The Big Day,0,5,2,99,99,99,99
TheBigEmpty,The Big Empty,0,5,3,99,99,99,99
TheBigTown,The Big Town,0,5,1,99,99,99,99
TheBlackDahlia,The Black Dahlia,0,3,3,99,99,99,99
TheBlackDove,The Black Dove,0,5,4,99,99,99,99
TheBlackRoom,The Black Room,0,5,4,99,99,99,99
TheBoneCollector,The Bone Collector,0,3,2,99,99,99,99
TheBoost,The Boost,0,5,1,99,99,99,99
TheBroken,The Broken,0,5,3,99,99,99,99
TheBronxBull,The Bronx Bull,0,5,4,99,99,99,99
TheBrothersGrimm,The Brothers Grimm,0,5,3,99,99,99,99
TheButler,The Butler,0,5,4,99,99,99,99
TheCagedPillows,The Caged Pillows,0,5,4,99,99,99,99
TheCastingGame,The Casting Game ,0,5,4,99,99,99,99
TheCatch,The Catch,0,5,3,99,99,99,99
TheCatcherWasASpy,The Catcher Was a Spy,0,5,4,99,99,99,99
TheCave,The Cave,0,5,3,99,99,99,99
TheCell,The Cell ,0,5,3,99,99,99,99
TheChrisIsaakShow,The Chris Isaak Show,0,5,3,99,99,99,99
TheChristmasCard,The Christmas Card,0,5,3,99,99,99,99
TheChristmasSwitch,The Christmas Switch,0,5,4,99,99,99,99
TheChumscrubber,The Chumscrubber,0,5,3,99,99,99,99
TheCiderHouseRules,The Cider House Rules,0,1,2,99,99,99,99
TheClaim,The Claim,0,5,3,99,99,99,99
TheClanOfTheCaveBear,The Clan of the Cave Bear,0,5,1,99,99,99,99
TheClearing,The Clearing,0,5,3,99,99,99,99
TheCompanyYouKeep,The Company You Keep,0,5,4,99,99,99,99
TheConIsOn,The Con Is On,0,5,4,99,99,99,99
TheContractor,The Contractor,0,5,3,99,99,99,99
TheCradleWillFall,The Cradle Will Fall,0,5,3,99,99,99,99
TheCrookedETheUnshreddedTruthAboutEnron,The Crooked E: The Unshredded Truth About Enron,0,5,3,99,99,99,99
TheCrowCityOfAngels,The Crow: City of Angels,0,1,2,99,99,99,99
TheCure,The Cure,0,3,2,99,99,99,99
TheCycle,The Cycle,0,5,3,99,99,99,99
TheDarwinAwards,The Darwin Awards,0,5,3,99,99,99,99
TheDescent ,The Descent ,0,5,3,99,99,99,99
TheDescent2,The Descent 2,0,5,3,99,99,99,99
TheDevilsAdvocate,The Devil's Advocate,0,5,2,99,99,99,99
TheDevilsTeardrop,The Devils Teardrop,0,5,4,99,99,99,99
TheDisappointmentsRoom,The Disappointments Room,0,5,4,99,99,99,99
TheDissectionOfThanksgiving,The Dissection of Thanksgiving,0,5,3,99,99,99,99
TheDivide,The Divide,0,5,4,99,99,99,99
TheDoomGeneration,The Doom Generation,0,5,2,99,99,99,99
TheDreamers,The Dreamers,0,5,3,99,99,99,99
TheDrop,The Drop ,0,5,3,99,99,99,99
TheEast,The East,0,5,4,99,99,99,99
TheEasterBunnyVisitsHerAgent ,The Easter Bunny Visits Her Agent ,0,5,4,99,99,99,99
TheEditor,The Editor,0,5,4,99,99,99,99
TheEmperorsNewClothes,The Emperor's New Clothes,0,5,1,99,99,99,99
TheEtruscanSmile,The Etruscan Smile,0,5,4,99,99,99,99
TheEvent,The Event,0,5,3,99,99,99,99
TheEvilOffice,The Evil Office,0,5,4,99,99,99,99
TheExecutionersSong,The Executioner's Song,0,5,1,99,99,99,99
TheExecutrix,The Executrix,0,5,4,99,99,99,99
TheFaceOfAnAngel,The Face of an Angel,0,5,4,99,99,99,99
TheFaculty,The Faculty,0,5,2,99,99,99,99
TheFarmhouse,The Farmhouse,0,5,2,99,99,99,99
TheFeastOfAllSaints,The Feast of All Saints,0,5,3,99,99,99,99
TheFever,The Fever,0,5,3,99,99,99,99
TheFight,The Fight,0,5,4,99,99,99,99
TheFinalCut,The Final Cut ,0,5,3,99,99,99,99
TheFinalStorm,The Final Storm,0,5,4,99,99,99,99
TheFinalTerror,The Final Terror,0,5,1,99,99,99,99
TheFischerCase,The Fischer Case,0,5,4,99,99,99,99
TheFollowing,The Following,0,5,4,99,99,99,99
TheFuneral,The Funeral,0,5,2,99,99,99,99
TheGalapagosAffairSatanCameToEden,The Galapagos Affair: Satan Came to Eden,0,5,4,99,99,99,99
TheGarden,The Garden,0,5,3,99,99,99,99
TheGardener,The Gardener,0,5,2,99,99,99,99
TheGatheringStorm,The Gathering Storm,0,5,3,99,99,99,99
TheGet,The Get ,0,5,4,99,99,99,99
TheGingerbreadMan,The Gingerbread Man,0,5,2,99,99,99,99
TheGirlIsInTrouble,The Girl Is in Trouble,0,5,4,99,99,99,99
TheGodfatherOfGreenBay,The Godfather of Green Bay,0,5,3,99,99,99,99
TheGoldenBowl,The Golden Bowl,0,1,3,99,99,99,99
TheGoldenCompass,The Golden Compass,0,5,3,99,99,99,99
TheGoodNight,The Good Night,0,5,3,99,99,99,99
TheGoodShepherd,The Good Shepherd,0,3,3,99,99,99,99
TheGrandBudapestHotel,The Grand Budapest Hotel,0,5,4,99,99,99,99
TheGrassHarp,The Grass Harp,0,5,2,99,99,99,99
TheGreatGatsby,The Great Gatsby,0,5,3,99,99,99,99
TheGreatRaid,The Great Raid,0,1,3,99,99,99,99
TheGreyZone,The Grey Zone,0,5,3,99,99,99,99
TheGrotesque,The Grotesque,0,5,2,99,99,99,99
TheGuardian,The Guardian,0,5,3,99,99,99,99
TheGuitar,The Guitar,0,5,3,99,99,99,99
TheHandThatRocksTheCradle,The Hand That Rocks the Cradle,0,5,2,99,99,99,99
TheHangingGarden,The Hanging Garden,0,5,2,99,99,99,99
TheHardTruth,The Hard Truth,0,5,2,99,99,99,99
TheHardWay,The Hard Way,0,3,2,99,99,99,99
TheHeartIsDeceitfulAboveAllThings,The Heart Is Deceitful Above All Things,0,5,3,99,99,99,99
TheHiddenRoom,The Hidden Room,0,5,2,99,99,99,99
TheHollywoodMomsMystery,The Hollywood Moms Mystery,0,5,3,99,99,99,99
TheHotFlashes,The Hot Flashes,0,5,4,99,99,99,99
TheHourOfThePig,The Hour of the Pig,0,5,2,99,99,99,99
TheHouseNextDoor,The House Next Door ,0,5,3,99,99,99,99
TheHouseThatJackBuilt,The House That Jack Built,0,5,4,99,99,99,99
TheHummingbirdProject,The Hummingbird Project,0,5,4,99,99,99,99
TheHummingbirdProjectOperationKolibri,The Hummingbird Project: Operation Kolibri,0,5,4,99,99,99,99
TheHunchback,The Hunchback,0,5,2,99,99,99,99
TheHungryBachelorsClub,The Hungry Bachelors Club,0,5,2,99,99,99,99
TheHunted,The Hunted,0,5,3,99,99,99,99
TheIceHarvest,The Ice Harvest,0,5,3,99,99,99,99
TheIdentical,The Identical,0,5,4,99,99,99,99
TheIInside,The I inside,0,5,3,99,99,99,99
TheInherited,The Inherited,0,5,4,99,99,99,99
TheInnocentSleep,The Innocent Sleep,0,5,2,99,99,99,99
TheInvader,The Invader,0,5,2,99,99,99,99
TheIrisEffect,The Iris Effect,0,5,3,99,99,99,99
TheJetsons,The Jetsons,0,5,4,99,99,99,99
TheJob,The Job,0,5,3,99,99,99,99
TheJungleBook,The Jungle Book,0,5,2,99,99,99,99
TheKeeper,The Keeper,0,5,3,99,99,99,99
TheKeepingRoom,The Keeping Room,0,5,4,99,99,99,99
TheKingAndQueenOfMoonlightBay,The King and Queen of Moonlight Bay,0,5,3,99,99,99,99
TheKingdom,The Kingdom,0,3,3,99,99,99,99
TheLadyAndTheHighwayMan,The Lady and the Highway Man,0,5,1,99,99,99,99
TheLastDaysOfDisco,The Last Days of Disco,0,5,2,99,99,99,99
TheLastDaysOfFrankieTheFly,The Last Days of Frankie the Fly,0,5,2,99,99,99,99
TheLastKiss,The Last Kiss,0,5,3,99,99,99,99
TheLastOfTheBlondeBombshells,The Last of the Blonde Bombshells,0,5,3,99,99,99,99
TheLastProduction,The Last Production,0,5,3,99,99,99,99
TheLastStop,The Last Stop,0,5,3,99,99,99,99
TheLastTimeICommittedSuicide,The Last Time I Committed Suicide ,0,5,2,99,99,99,99
TheLawAndMrLee,The Law and Mr. Lee,0,5,3,99,99,99,99
TheLawOfEnclosures,The Law of Enclosures,0,5,3,99,99,99,99
TheLeastAmongYou,The Least Among You,0,5,3,99,99,99,99
TheLifeBeforeHerEyes,The Life Before Her Eyes,0,5,3,99,99,99,99
TheLifeBeforeThis,The Life Before This,0,5,2,99,99,99,99
TheLimit,The Limit ,0,5,3,99,99,99,99
TheLimitsOfControl,The Limits of Control,0,5,3,99,99,99,99
TheLinguiniIncident,The Linguini Incident,0,5,2,99,99,99,99
TheLiquidPsychologist,The Liquid Psychologist,0,5,4,99,99,99,99
TheLittleRascals,The Little Rascals,0,3,2,99,99,99,99
TheLobster,The Lobster ,0,5,4,99,99,99,99
TheLocusts,The Locusts,0,5,2,99,99,99,99
TheLostNomadsGetLost,The Lost Nomads: Get Lost!,0,5,3,99,99,99,99
TheMaidsRoom,The Maids Room ,0,5,4,99,99,99,99
TheManFromElysianFields,The Man from Elysian Fields,0,5,3,99,99,99,99
TheManInTheIronMask,The Man in the Iron Mask,0,5,2,99,99,99,99
TheManWhoCameBack,The Man Who Came Back,0,5,3,99,99,99,99
TheManWithRainInHisShoes,The Man with Rain in His Shoes,0,5,2,99,99,99,99
TheMedallion,The Medallion,0,5,3,99,99,99,99
TheMortalInstrumentsCityOfBones,The Mortal Instruments: City of Bones,0,5,4,99,99,99,99
TheMultiHyphenate,The Multi-Hyphenate,0,5,3,99,99,99,99
TheNakedBrothersBandTheMovie,The Naked Brothers Band: The Movie,0,5,3,99,99,99,99
TheNearlyCompleteAndUtterHistoryOfEverything,The Nearly Complete and Utter History of Everything,0,5,2,99,99,99,99
TheNetworker,The Networker,0,5,4,99,99,99,99
TheNewtonBoys,The Newton Boys,0,5,2,99,99,99,99
TheNightWeNeverMet,The Night We Never Met,0,1,2,99,99,99,99
TheNotoriousBettiePage,The Notorious Bettie Page,0,5,3,99,99,99,99
TheObjectOfMyAffection,The Object of My Affection,0,5,2,99,99,99,99
TheOnlyLivingBoyInNewYork,The Only Living Boy in New York,0,5,4,99,99,99,99
TheOtherMan,The Other Man,0,5,3,99,99,99,99
TheOtherSideOfTheTracks,The Other Side of the Tracks,0,5,3,99,99,99,99
TheOvernight,The Overnight,0,5,4,99,99,99,99
ThePallbearer,The Pallbearer,0,1,2,99,99,99,99
TheParade,The Parade,0,5,1,99,99,99,99
TheParoleOfficer,The Parole Officer,0,5,3,99,99,99,99
ThePassionOfDarklyNoon,The Passion of Darkly Noon,0,5,2,99,99,99,99
ThePastorsWife,The Pastor's Wife,0,5,4,99,99,99,99
ThePentagonPapers,The Pentagon Papers,0,4,3,99,99,99,99
ThePerfectAgeOfRocknRoll,The Perfect Age of Rock n Roll,0,5,3,99,99,99,99
ThePerfectStudent,The Perfect Student,0,5,4,99,99,99,99
ThePerfectWoman,The Perfect Woman,0,5,4,99,99,99,99
ThePinkPanther2,The Pink Panther 2,0,5,3,99,99,99,99
ThePlanetOfJuniorBrown,The Planet of Junior Brown,0,5,2,99,99,99,99
ThePleasureDrivers,The Pleasure Drivers,0,5,3,99,99,99,99
ThePleasurePrinciple,The Pleasure Principle,0,5,2,99,99,99,99
ThePoet,ThePoet,0,5,3,99,99,99,99
ThePopeOfGreenwichVillage,The Pope of Greenwich Village,0,5,1,99,99,99,99
ThePresence,The Presence,0,5,4,99,99,99,99
TheProprietor,The Proprietor,0,5,2,99,99,99,99
ThePumpkinKarver,The Pumpkin Karver,0,5,3,99,99,99,99
ThePurge,The Purge,0,3,4,99,99,99,99
TheRealBlonde,The Real Blonde,0,5,2,99,99,99,99
TheRealDeal,The Real Deal,0,5,3,99,99,99,99
TheReckoningHollywoodsWorstKeptSecret,The Reckoning: Hollywoods Worst Kept Secret,0,5,4,99,99,99,99
TheRedMapleLeaf,The Red Maple Leaf,0,5,4,99,99,99,99
TheRemainsOfTheDay,The Remains of the Day,0,5,2,99,99,99,99
TheReplacementKillers,The Replacement Killers,0,5,2,99,99,99,99
TheRepublic,The Republic,0,5,4,99,99,99,99
TheRiotClub,The Riot Club,0,3,4,99,99,99,99
TheRock,The Rock,0,5,2,99,99,99,99
TheRockfordFiles,The Rockford Files,0,5,4,99,99,99,99
TheRoommate,The Roommate,0,5,4,99,99,99,99
TheRoyalTenenbaums,The Royal Tenenbaums,0,5,3,99,99,99,99
TheRunner,The Runner,0,5,4,99,99,99,99
TheSalvation,The Salvation,0,5,4,99,99,99,99
TheSantaCon,The Santa Con,0,5,4,99,99,99,99
TheSecondGreatestStoryEverTold,The Second Greatest Story Ever Told,0,5,2,99,99,99,99
TheSecondThanksgiving,The Second Thanksgiving,0,5,4,99,99,99,99
TheSecretLifeOfWords,The Secret Life of Words,0,5,3,99,99,99,99
TheSevenYearItch,The Seven Year Itch,0,5,4,99,99,99,99
TheShadowDancer,The Shadow Dancer,0,5,3,99,99,99,99
TheSituation,The Situation,0,5,3,99,99,99,99
TheSkyIsFalling,The Sky Is Falling,0,5,2,99,99,99,99
TheSleepwalkerKilling,The Sleepwalker Killing,0,5,2,99,99,99,99
TheSlider,The Slider,0,5,4,99,99,99,99
TheSmurfs2,The Smurfs 2,0,5,4,99,99,99,99
TheSound,The Sound,0,5,4,99,99,99,99
TheStepchild,The Stepchild,0,5,4,99,99,99,99
TheStray,The Stray,0,5,3,99,99,99,99
TheStuff,The Stuff ,0,5,1,99,99,99,99
TheSubstituteFailureIsNotAnOption,The Substitute: Failure Is Not an Option ,0,5,3,99,99,99,99
TheSurrogacyTrap,The Surrogacy Trap,0,5,4,99,99,99,99
TheSweetHereafter,The Sweet Hereafter,0,5,2,99,99,99,99
TheSystem,The System ,0,5,4,99,99,99,99
TheTalentedMrRipley,The Talented Mr. Ripley,0,1,2,99,99,99,99
TheTelemachy,The Telemachy,0,5,4,99,99,99,99
TheTellTaleHeart,The Tell-Tale Heart,0,5,4,99,99,99,99
TheTieThatBinds,The Tie That Binds,0,5,2,99,99,99,99
TheTourist,The Tourist,0,5,4,99,99,99,99
TheTownChristmasForgot,The Town Christmas Forgot,0,5,4,99,99,99,99
TheTownThatCameACourtin,The Town That Came A-Courtin,0,5,4,99,99,99,99
TheTrialsOfCateMcCall,The Trials of Cate McCall,0,5,4,99,99,99,99
TheTripper,The Tripper,0,5,3,99,99,99,99
TheTriumphOfLove,The Triumph of Love,0,5,3,99,99,99,99
TheTrotsky,The Trotsky,0,5,3,99,99,99,99
TheTroubleWithCali,The Trouble with Cali,0,5,4,99,99,99,99
TheTroubleWithRomance,The Trouble with Romance,0,5,3,99,99,99,99
TheTruthAboutCatsAndDogs,The Truth About Cats and Dogs,0,5,2,99,99,99,99
TheUnknownTrilogy,The Unknown Trilogy,0,5,3,99,99,99,99
TheUpside,The Upside,0,2,4,99,99,99,99
TheVelocityOfGary,The Velocity of Gary,0,5,2,99,99,99,99
TheWall,The Wall,0,5,1,99,99,99,99
TheWaterhole,The Waterhole,0,5,3,99,99,99,99
TheWeddingDress,The Wedding Dress,0,5,3,99,99,99,99
TheWeddingPact,The Wedding Pact,0,5,4,99,99,99,99
TheWeightOfBloodAndBones,The Weight of Blood and Bones,0,5,4,99,99,99,99
TheWeightOfWater ,The Weight of Water ,0,5,3,99,99,99,99
TheWholeNineYards,The Whole Nine Yards,0,5,3,99,99,99,99
TheWholeTenYards,The Whole Ten Yards,0,5,3,99,99,99,99
TheWorldMadeStraight,The World Made Straight,0,5,4,99,99,99,99
TheWrongCinderella,The Wrong Cinderella,0,5,4,99,99,99,99
TheWrongMan,The Wrong Man,0,5,2,99,99,99,99
TheyComeBack,They Come Back,0,5,3,99,99,99,99
ThingsBehindTheSun,Things Behind the Sun,0,5,3,99,99,99,99
ThirdManOut,Third Man Out,0,5,3,99,99,99,99
ThisMeansWar,This Means War,0,5,4,99,99,99,99
ThisMightBeGood,This Might Be Good,0,5,3,99,99,99,99
ThompsonMelissa,Melissa Thompson,1,99,99,1,99,99,1
ThreatOfExposure,Threat of Exposure,0,5,3,99,99,99,99
ThreeChrists,Three Christs,0,5,4,99,99,99,99
Thumper,Thumper,0,5,4,99,99,99,99
ThurmanUma,Uma Thurman,1,99,99,1,2,7,3
TillDeathUsDoPart,Till Death Us Do Part,0,5,2,99,99,99,99
Timecode,Timecode,0,5,3,99,99,99,99
TimeDoesntStandStill,Time Doesnt Stand Still,0,5,4,99,99,99,99
Tiptoes,Tiptoes,0,5,3,99,99,99,99
TomorrowLaScala,Tomorrow La Scala!,0,5,3,99,99,99,99
TooLateToSayGoodbye,Too Late to Say Goodbye,0,5,3,99,99,99,99
TooMuchFlesh,Too Much Flesh,0,5,3,99,99,99,99
ToothFairy,Tooth Fairy,0,5,4,99,99,99,99
TooTiredToDie,Too Tired to Die,0,5,2,99,99,99,99
Torch,Torch,0,5,4,99,99,99,99
TotalRecall,Total Recall,0,5,4,99,99,99,99
ToutesLesFillesPleurent,Toutes les filles pleurent,0,5,4,99,99,99,99
ToutPourPlaire,Tout pour plaire,0,5,3,99,99,99,99
TradeOfInnocents,Trade of Innocents,0,5,4,99,99,99,99
TradingFavors,Trading Favors,0,5,2,99,99,99,99
Traffic,Traffic,0,5,3,99,99,99,99
Trafficked,Trafficked,0,5,4,99,99,99,99
TransformersRevengeOfTheFallen,Transformers: Revenge of the Fallen,0,4,3,99,99,99,99
Transylvania,Transylvania,0,5,3,99,99,99,99
Trapped,Trapped,0,5,3,99,99,99,99
Trauma,Trauma,0,5,2,99,99,99,99
Traveller,Traveller,0,5,2,99,99,99,99
Trigger,Trigger,0,5,4,99,99,99,99
Triggermen,Triggermen,0,5,3,99,99,99,99
TrilogyOfTerror2,Trilogy of Terror 2,0,5,2,99,99,99,99
Trooper,Trooper,0,5,4,99,99,99,99
TroubleShootersTrappedBeneathTheEarth,Trouble Shooters: Trapped Beneath the Earth,0,5,2,99,99,99,99
TrueColors,True Colors,0,5,2,99,99,99,99
TrueCrime,True Crime,0,5,2,99,99,99,99
TrueLove,True Love,0,5,1,99,99,99,99
TrueWomen,True Women,0,5,2,99,99,99,99
Truth,Truth,0,5,4,99,99,99,99
TulipFever,Tulip Fever,0,2,4,99,99,99,99
Turbulence,Turbulence,0,5,2,99,99,99,99
TurningGreen,Turning Green,0,5,3,99,99,99,99
TuVasRireMaisJeTeQuitte,"Tu vas rire, mais je te quitte",0,5,3,99,99,99,99
Twisted,Twisted,0,4,3,99,99,99,99
TwoLovers,Two Lovers,0,5,3,99,99,99,99
TwoMuch,Two Much,0,5,2,99,99,99,99
UltimateSpiderMan,Ultimate Spider-Man,0,5,4,99,99,99,99
Ultra,Ultra,0,4,3,99,99,99,99
UltraLow,Ultra Low,0,5,4,99,99,99,99
UncleMax,Uncle Max,0,5,3,99,99,99,99
Uncovered,Uncovered,0,5,2,99,99,99,99
Undermind,Undermind ,0,5,3,99,99,99,99
UnderTheEiffelTower,Under the Eiffel Tower,0,5,4,99,99,99,99
Underworld2003,Underworld (2003),0,5,3,99,99,99,99
Underworld1985,Underworld (1985),0,5,1,99,99,99,99
Underworld5BloodWars,Underworld 5: Blood Wars,0,5,4,99,99,99,99
UnderworldAwakening,Underworld Awakening,0,5,4,99,99,99,99
UnderworldEvolution,Underworld: Evolution,0,5,3,99,99,99,99
UnderworldRiseOfTheLycans,Underworld: Rise of the Lycans,0,5,3,99,99,99,99
Undressed,Undressed,0,5,2,99,99,99,99
UndyingLove,Undying Love,0,5,3,99,99,99,99
UneNouvelleVie,Une Nouvelle Vie,0,5,2,99,99,99,99
UnePourToutes,Une pour toutes,0,5,2,99,99,99,99
UnEteDorages,Un Ete d'Orages,0,5,1,99,99,99,99
UneVie,Une vie,0,5,3,99,99,99,99
UneVieilleMaitresse,Une Vieille Maîtresse,0,5,3,99,99,99,99
UnFrere,Un frère...,0,5,2,99,99,99,99
UnionSquare,Union Square ,0,5,4,99,99,99,99
UnPrintempsAParis,Un printemps à Paris,0,5,3,99,99,99,99
UntilTheNight,Until the Night ,0,5,3,99,99,99,99
UntitledCamrynManheimPilot,Untitled Camryn Manheim Pilot,0,5,3,99,99,99,99
Unveiled,Unveiled,0,5,4,99,99,99,99
Uranus,Uranus,0,5,2,99,99,99,99
Vacancy,Vacancy,0,5,3,99,99,99,99
VacanzeDiNatale91,Vacanze di Natale '91,0,5,2,99,99,99,99
Vacuums,Vacuums,0,5,3,99,99,99,99
ValerianAndTheCityOfAThousandPlanets,Valerian and the City of a Thousand Planets,0,5,4,99,99,99,99
VanHelsing,Van Helsing,0,3,3,99,99,99,99
VanityFair,Vanity Fair,0,5,3,99,99,99,99
Vatel,Vatel,0,5,3,99,99,99,99
Vice,Vice,0,5,3,99,99,99,99
Videola,Videola,0,5,4,99,99,99,99
ViewFromTheTopFlightGirls,View from the Top/Flight Girls,0,1,3,99,99,99,99
Vig,Vig,0,5,2,99,99,99,99
Vikingdom,Vikingdom,0,5,4,99,99,99,99
ViolaBaciaTutti,Viola bacia tutti,0,5,2,99,99,99,99
Voyage,Voyage,0,5,2,99,99,99,99
WalkLikeAPanther,Walk Like a Panther,0,5,4,99,99,99,99
WallStreet,Wall Street,0,5,1,99,99,99,99
Wanted,Wanted,0,3,3,99,99,99,99
Wasted,Wasted,0,5,3,99,99,99,99
Waterland,Waterland,0,5,2,99,99,99,99
WaterlilyJaguar,Waterlily Jaguar,0,5,4,99,99,99,99
WeAreTheFreaks,We Are The Freaks,0,5,4,99,99,99,99
WelcomeToCalifornia,Welcome to California,0,5,3,99,99,99,99
WelcomeToHollywood,Welcome to Hollywood,0,5,2,99,99,99,99
WendyCrackedAWalnut,Wendy Cracked a Walnut,0,5,2,99,99,99,99
WeStillKillTheOldWay,We Still Kill the Old Way,0,5,4,99,99,99,99
WeStillStealTheOldWay,We Still Steal the Old Way,0,5,4,99,99,99,99
WhatAboutJoan,What About Joan,0,5,3,99,99,99,99
WhatDreamsMayCome,What Dreams May Come,0,5,2,99,99,99,99
WhatsCooking,What's Cooking?,0,5,3,99,99,99,99
WhatTheHellKyle,"What the Hell, Kyle?",0,5,4,99,99,99,99
WhatTheHistory,What the History!,0,5,4,99,99,99,99
WhatWomenWant,What Women Want,0,4,3,99,99,99,99
WhenSelfLoveGoesWrong,When Self Love Goes Wrong,0,5,4,99,99,99,99
WhenTheBoughBreaks,When the Bough Breaks,0,5,2,99,99,99,99
WhereTheHeartIs,Where the Heart Is,0,5,3,99,99,99,99
WhereTheRoadMeetsTheSun,Where The Road Meets The Sun,0,5,4,99,99,99,99
WhereTheTruthLies,Where the Truth Lies,0,5,3,99,99,99,99
WhispersInTheDark,Whispers in the Dark,0,4,2,99,99,99,99
WhiteBirdInABlizzard,White Bird in a Blizzard,0,5,4,99,99,99,99
WhiteCargo,White Cargo,0,5,2,99,99,99,99
WhiteLies,White Lies,0,5,2,99,99,99,99
Whiteout,Whiteout,0,5,3,99,99,99,99
Whore,Whore,0,5,3,99,99,99,99
WhoWantsWeed,Who Wants Weed?,0,5,4,99,99,99,99
WhoYouKnow,Who You Know,0,5,3,99,99,99,99
WickedMinds,Wicked Minds,0,5,3,99,99,99,99
WickerPark,Wicker Park,0,5,3,99,99,99,99
WidowOnTheHill,Widow on the Hill,0,5,3,99,99,99,99
Wildflowers,Wildflowers,0,5,2,99,99,99,99
Wildside,Wildside,0,5,2,99,99,99,99
WildWildWest,Wild Wild West,0,5,2,99,99,99,99
WingedCreatures,Winged Creatures,0,5,3,99,99,99,99
Winter,Winter,0,5,4,99,99,99,99
WintersTale,Winters Tale,0,5,4,99,99,99,99
WiseGirls,Wise Girls ,0,5,3,99,99,99,99
WishinAndHopin,Wishin' and Hopin',0,5,4,99,99,99,99
Wishmaster3BeyondTheGatesOfHell,Wishmaster 3: Beyond the Gates of Hell,0,5,3,99,99,99,99
WishYouWereHere,Wish You Were Here,0,5,3,99,99,99,99
WithoutAClue,Without a Clue,0,5,1,99,99,99,99
WithoutEvidence,Without Evidence,0,5,2,99,99,99,99
WitnessToTheExecution,Witness to the Execution,0,5,2,99,99,99,99
WomanOnTheEdge,Woman on the Edge,0,5,4,99,99,99,99
WomansWomb,Woman's Womb,0,5,4,99,99,99,99
Womb,Womb,0,5,4,99,99,99,99
WomenInChains,Women in Chains,0,5,4,99,99,99,99
WomenOnTheInside,Women on the Inside,0,5,2,99,99,99,99
WonderWoman,Wonder Woman,0,5,4,99,99,99,99
WordsOfTheBlitz,Words of the Blitz,0,5,4,99,99,99,99
xXx,xXx,0,5,3,99,99,99,99
YidLifeCrisis,YidLife Crisis,0,5,4,99,99,99,99
YoPuta,Yo puta,0,5,3,99,99,99,99
YouLuckyDog,You Lucky Dog,0,5,4,99,99,99,99
YoungDoctorsInLove,Young Doctors in Love,0,5,1,99,99,99,99
YoungSean,Sean Young ,1,99,99,1,1,7,2
YoureSoCupid,You're So Cupid!,0,5,4,99,99,99,99
YourHighness,Your Highness,0,3,4,99,99,99,99
ZebraLounge,Zebra Lounge,0,5,3,99,99,99,99
ZenNoir,Zen Noir ,0,5,3,99,99,99,99
Zipper,Zipper,0,5,4,99,99,99,99
Zoe,Zoe,0,5,4,99,99,99,99
ZoekenNaarEileen,Zoeken Naar Eileen,0,5,1,99,99,99,99
ZombieHotel,Zombie Hotel,0,5,3,99,99,99,99
ZombieNight,Zombie Night,0,5,4,99,99,99,99
Zoo,Zoo,0,5,1,99,99,99,99